id,firstname,lastname,email,email2,profession
100,Addia,Ingra,Addia.Ingra@yopmail.com,Addia.Ingra@gmail.com,worker
101,Debee,Lowry,Debee.Lowry@yopmail.com,Debee.Lowry@gmail.com,worker
102,Sandie,Capello,Sandie.Capello@yopmail.com,Sandie.Capello@gmail.com,police officer
103,Inga,Marsden,Inga.Marsden@yopmail.com,Inga.Marsden@gmail.com,police officer
104,Evita,Xerxes,Evita.Xerxes@yopmail.com,Evita.Xerxes@gmail.com,doctor
105,Yvonne,Corilla,Yvonne.Corilla@yopmail.com,Yvonne.Corilla@gmail.com,police officer
106,Camile,Glovsky,Camile.Glovsky@yopmail.com,Camile.Glovsky@gmail.com,doctor
107,Minda,Tengdin,Minda.Tengdin@yopmail.com,Minda.Tengdin@gmail.com,worker
108,Brooks,Hutchison,Brooks.Hutchison@yopmail.com,Brooks.Hutchison@gmail.com,developer
109,Maisey,Schonfeld,Maisey.Schonfeld@yopmail.com,Maisey.Schonfeld@gmail.com,worker
110,Yvonne,Danby,Yvonne.Danby@yopmail.com,Yvonne.Danby@gmail.com,police officer
111,Kittie,Fillbert,Kittie.Fillbert@yopmail.com,Kittie.Fillbert@gmail.com,doctor
112,Bobinette,Candy,Bobinette.Candy@yopmail.com,Bobinette.Candy@gmail.com,police officer
113,Stevana,Sigfrid,Stevana.Sigfrid@yopmail.com,Stevana.Sigfrid@gmail.com,developer
114,Lynde,Kirstin,Lynde.Kirstin@yopmail.com,Lynde.Kirstin@gmail.com,developer
115,Lorie,Genna,Lorie.Genna@yopmail.com,Lorie.Genna@gmail.com,doctor
116,Teriann,Kenney,Teriann.Kenney@yopmail.com,Teriann.Kenney@gmail.com,doctor
117,Tamqrah,Edison,Tamqrah.Edison@yopmail.com,Tamqrah.Edison@gmail.com,developer
118,Carmencita,Angelis,Carmencita.Angelis@yopmail.com,Carmencita.Angelis@gmail.com,worker
119,Susan,Jagir,Susan.Jagir@yopmail.com,Susan.Jagir@gmail.com,developer
120,Lucille,Bord,Lucille.Bord@yopmail.com,Lucille.Bord@gmail.com,firefighter
121,Britte,Gahl,Britte.Gahl@yopmail.com,Britte.Gahl@gmail.com,police officer
122,Deane,McClimans,Deane.McClimans@yopmail.com,Deane.McClimans@gmail.com,firefighter
123,Leona,Socha,Leona.Socha@yopmail.com,Leona.Socha@gmail.com,worker
124,Ekaterina,My,Ekaterina.My@yopmail.com,Ekaterina.My@gmail.com,worker
125,Dale,Woodberry,Dale.Woodberry@yopmail.com,Dale.Woodberry@gmail.com,doctor
126,Rubie,Nea,Rubie.Nea@yopmail.com,Rubie.Nea@gmail.com,worker
127,Mildrid,Evangelia,Mildrid.Evangelia@yopmail.com,Mildrid.Evangelia@gmail.com,firefighter
128,Madelle,Talia,Madelle.Talia@yopmail.com,Madelle.Talia@gmail.com,police officer
129,Aigneis,Vanni,Aigneis.Vanni@yopmail.com,Aigneis.Vanni@gmail.com,worker
130,Randa,Thema,Randa.Thema@yopmail.com,Randa.Thema@gmail.com,doctor
131,Lonnie,Lemuela,Lonnie.Lemuela@yopmail.com,Lonnie.Lemuela@gmail.com,firefighter
132,Lisette,Olnee,Lisette.Olnee@yopmail.com,Lisette.Olnee@gmail.com,doctor
133,Gabi,Leopold,Gabi.Leopold@yopmail.com,Gabi.Leopold@gmail.com,police officer
134,Ilse,Bronk,Ilse.Bronk@yopmail.com,Ilse.Bronk@gmail.com,worker
135,Maye,Luhe,Maye.Luhe@yopmail.com,Maye.Luhe@gmail.com,doctor
136,Kirbee,Edvard,Kirbee.Edvard@yopmail.com,Kirbee.Edvard@gmail.com,police officer
137,Heida,Gemini,Heida.Gemini@yopmail.com,Heida.Gemini@gmail.com,developer
138,Marcy,Yate,Marcy.Yate@yopmail.com,Marcy.Yate@gmail.com,firefighter
139,Maryellen,Sundin,Maryellen.Sundin@yopmail.com,Maryellen.Sundin@gmail.com,worker
140,Lyssa,Quent,Lyssa.Quent@yopmail.com,Lyssa.Quent@gmail.com,firefighter
141,Cristine,Noam,Cristine.Noam@yopmail.com,Cristine.Noam@gmail.com,developer
142,Stevana,Bendick,Stevana.Bendick@yopmail.com,Stevana.Bendick@gmail.com,developer
143,Genevra,Thar,Genevra.Thar@yopmail.com,Genevra.Thar@gmail.com,doctor
144,Cristabel,Edee,Cristabel.Edee@yopmail.com,Cristabel.Edee@gmail.com,police officer
145,Clarice,Agle,Clarice.Agle@yopmail.com,Clarice.Agle@gmail.com,worker
146,Bertine,Zetta,Bertine.Zetta@yopmail.com,Bertine.Zetta@gmail.com,police officer
147,Jackie,Reneta,Jackie.Reneta@yopmail.com,Jackie.Reneta@gmail.com,developer
148,Anthia,Urias,Anthia.Urias@yopmail.com,Anthia.Urias@gmail.com,worker
149,Tilly,Haerr,Tilly.Haerr@yopmail.com,Tilly.Haerr@gmail.com,firefighter
150,Clary,Michella,Clary.Michella@yopmail.com,Clary.Michella@gmail.com,police officer
151,Addia,Tybald,Addia.Tybald@yopmail.com,Addia.Tybald@gmail.com,worker
152,Ashlee,Philoo,Ashlee.Philoo@yopmail.com,Ashlee.Philoo@gmail.com,developer
153,Sidoney,Moseley,Sidoney.Moseley@yopmail.com,Sidoney.Moseley@gmail.com,developer
154,Shandie,Morgun,Shandie.Morgun@yopmail.com,Shandie.Morgun@gmail.com,worker
155,Agnese,Zina,Agnese.Zina@yopmail.com,Agnese.Zina@gmail.com,developer
156,Dorthy,Pettiford,Dorthy.Pettiford@yopmail.com,Dorthy.Pettiford@gmail.com,police officer
157,Tabbatha,Lalitta,Tabbatha.Lalitta@yopmail.com,Tabbatha.Lalitta@gmail.com,developer
158,Darci,Alisia,Darci.Alisia@yopmail.com,Darci.Alisia@gmail.com,police officer
159,Delilah,Kare,Delilah.Kare@yopmail.com,Delilah.Kare@gmail.com,police officer
160,Dede,Anderea,Dede.Anderea@yopmail.com,Dede.Anderea@gmail.com,doctor
161,Berta,Rolf,Berta.Rolf@yopmail.com,Berta.Rolf@gmail.com,firefighter
162,Lacie,Bennie,Lacie.Bennie@yopmail.com,Lacie.Bennie@gmail.com,developer
163,Marline,Gillan,Marline.Gillan@yopmail.com,Marline.Gillan@gmail.com,developer
164,Flo,Ashely,Flo.Ashely@yopmail.com,Flo.Ashely@gmail.com,doctor
165,Clary,Ahab,Clary.Ahab@yopmail.com,Clary.Ahab@gmail.com,police officer
166,Candy,Colyer,Candy.Colyer@yopmail.com,Candy.Colyer@gmail.com,police officer
167,Arlena,Teryn,Arlena.Teryn@yopmail.com,Arlena.Teryn@gmail.com,developer
168,Corry,Meter,Corry.Meter@yopmail.com,Corry.Meter@gmail.com,doctor
169,Regina,Nea,Regina.Nea@yopmail.com,Regina.Nea@gmail.com,doctor
170,Beverley,Fiann,Beverley.Fiann@yopmail.com,Beverley.Fiann@gmail.com,doctor
171,Emmey,Decato,Emmey.Decato@yopmail.com,Emmey.Decato@gmail.com,developer
172,Fidelia,Leler,Fidelia.Leler@yopmail.com,Fidelia.Leler@gmail.com,doctor
173,Brooks,Amadas,Brooks.Amadas@yopmail.com,Brooks.Amadas@gmail.com,police officer
174,Kate,Lauraine,Kate.Lauraine@yopmail.com,Kate.Lauraine@gmail.com,police officer
175,Ebonee,Elvyn,Ebonee.Elvyn@yopmail.com,Ebonee.Elvyn@gmail.com,worker
176,Zaria,Gemini,Zaria.Gemini@yopmail.com,Zaria.Gemini@gmail.com,police officer
177,Deane,Decato,Deane.Decato@yopmail.com,Deane.Decato@gmail.com,firefighter
178,Tera,Andrel,Tera.Andrel@yopmail.com,Tera.Andrel@gmail.com,doctor
179,Shell,Demitria,Shell.Demitria@yopmail.com,Shell.Demitria@gmail.com,doctor
180,Mireielle,Ophelia,Mireielle.Ophelia@yopmail.com,Mireielle.Ophelia@gmail.com,doctor
181,Drucie,Barbey,Drucie.Barbey@yopmail.com,Drucie.Barbey@gmail.com,worker
182,Sean,Sothena,Sean.Sothena@yopmail.com,Sean.Sothena@gmail.com,police officer
183,Regina,Malina,Regina.Malina@yopmail.com,Regina.Malina@gmail.com,firefighter
184,Millie,Othilia,Millie.Othilia@yopmail.com,Millie.Othilia@gmail.com,developer
185,Coral,Adore,Coral.Adore@yopmail.com,Coral.Adore@gmail.com,developer
186,Tamqrah,Audly,Tamqrah.Audly@yopmail.com,Tamqrah.Audly@gmail.com,firefighter
187,Arabel,Cyrie,Arabel.Cyrie@yopmail.com,Arabel.Cyrie@gmail.com,developer
188,Kial,Larochelle,Kial.Larochelle@yopmail.com,Kial.Larochelle@gmail.com,police officer
189,Carmela,Ledah,Carmela.Ledah@yopmail.com,Carmela.Ledah@gmail.com,doctor
190,Florencia,Mata,Florencia.Mata@yopmail.com,Florencia.Mata@gmail.com,developer
191,Claresta,Fink,Claresta.Fink@yopmail.com,Claresta.Fink@gmail.com,worker
192,Gretal,Gert,Gretal.Gert@yopmail.com,Gretal.Gert@gmail.com,worker
193,Celisse,Alarise,Celisse.Alarise@yopmail.com,Celisse.Alarise@gmail.com,police officer
194,Tami,Bennie,Tami.Bennie@yopmail.com,Tami.Bennie@gmail.com,developer
195,Valli,Celestine,Valli.Celestine@yopmail.com,Valli.Celestine@gmail.com,police officer
196,Fred,Creamer,Fred.Creamer@yopmail.com,Fred.Creamer@gmail.com,doctor
197,Fawne,Harl,Fawne.Harl@yopmail.com,Fawne.Harl@gmail.com,firefighter
198,Jackie,Schroth,Jackie.Schroth@yopmail.com,Jackie.Schroth@gmail.com,doctor
199,Dyann,Madox,Dyann.Madox@yopmail.com,Dyann.Madox@gmail.com,developer
200,Agnese,Leary,Agnese.Leary@yopmail.com,Agnese.Leary@gmail.com,firefighter
201,Rayna,Liebermann,Rayna.Liebermann@yopmail.com,Rayna.Liebermann@gmail.com,doctor
202,Violet,Ventre,Violet.Ventre@yopmail.com,Violet.Ventre@gmail.com,doctor
203,Cherilyn,Bonilla,Cherilyn.Bonilla@yopmail.com,Cherilyn.Bonilla@gmail.com,police officer
204,Fredericka,Alwin,Fredericka.Alwin@yopmail.com,Fredericka.Alwin@gmail.com,developer
205,Rochette,Liebermann,Rochette.Liebermann@yopmail.com,Rochette.Liebermann@gmail.com,worker
206,Yvonne,Medrek,Yvonne.Medrek@yopmail.com,Yvonne.Medrek@gmail.com,developer
207,Cacilie,Maryanne,Cacilie.Maryanne@yopmail.com,Cacilie.Maryanne@gmail.com,developer
208,Justinn,Merell,Justinn.Merell@yopmail.com,Justinn.Merell@gmail.com,police officer
209,Valera,Cristi,Valera.Cristi@yopmail.com,Valera.Cristi@gmail.com,worker
210,Fidelia,Carri,Fidelia.Carri@yopmail.com,Fidelia.Carri@gmail.com,doctor
211,Ninnetta,Ludewig,Ninnetta.Ludewig@yopmail.com,Ninnetta.Ludewig@gmail.com,doctor
212,Nikki,Prober,Nikki.Prober@yopmail.com,Nikki.Prober@gmail.com,worker
213,Mellicent,Karylin,Mellicent.Karylin@yopmail.com,Mellicent.Karylin@gmail.com,police officer
214,Vivia,Tound,Vivia.Tound@yopmail.com,Vivia.Tound@gmail.com,police officer
215,Ann-Marie,Giff,Ann-Marie.Giff@yopmail.com,Ann-Marie.Giff@gmail.com,police officer
216,Barbara,Viddah,Barbara.Viddah@yopmail.com,Barbara.Viddah@gmail.com,developer
217,Jan,Holbrook,Jan.Holbrook@yopmail.com,Jan.Holbrook@gmail.com,firefighter
218,Heddie,Noman,Heddie.Noman@yopmail.com,Heddie.Noman@gmail.com,firefighter
219,Neila,Sidonius,Neila.Sidonius@yopmail.com,Neila.Sidonius@gmail.com,doctor
220,Damaris,Cyrie,Damaris.Cyrie@yopmail.com,Damaris.Cyrie@gmail.com,firefighter
221,Iseabal,Seessel,Iseabal.Seessel@yopmail.com,Iseabal.Seessel@gmail.com,worker
222,Adore,Maples,Adore.Maples@yopmail.com,Adore.Maples@gmail.com,developer
223,Bill,Dorine,Bill.Dorine@yopmail.com,Bill.Dorine@gmail.com,doctor
224,Kamilah,Bartlett,Kamilah.Bartlett@yopmail.com,Kamilah.Bartlett@gmail.com,doctor
225,Betta,Lynn,Betta.Lynn@yopmail.com,Betta.Lynn@gmail.com,doctor
226,Ketti,Ade,Ketti.Ade@yopmail.com,Ketti.Ade@gmail.com,firefighter
227,Brana,Ricarda,Brana.Ricarda@yopmail.com,Brana.Ricarda@gmail.com,worker
228,Giustina,Briney,Giustina.Briney@yopmail.com,Giustina.Briney@gmail.com,police officer
229,Amii,Orlene,Amii.Orlene@yopmail.com,Amii.Orlene@gmail.com,worker
230,Jan,Klotz,Jan.Klotz@yopmail.com,Jan.Klotz@gmail.com,developer
231,Jere,Toffic,Jere.Toffic@yopmail.com,Jere.Toffic@gmail.com,firefighter
232,Leanna,Ledah,Leanna.Ledah@yopmail.com,Leanna.Ledah@gmail.com,worker
233,Eolanda,Dudley,Eolanda.Dudley@yopmail.com,Eolanda.Dudley@gmail.com,police officer
234,Wileen,Carvey,Wileen.Carvey@yopmail.com,Wileen.Carvey@gmail.com,firefighter
235,Flory,Bach,Flory.Bach@yopmail.com,Flory.Bach@gmail.com,firefighter
236,Evaleen,Nerita,Evaleen.Nerita@yopmail.com,Evaleen.Nerita@gmail.com,developer
237,Corry,Sherfield,Corry.Sherfield@yopmail.com,Corry.Sherfield@gmail.com,worker
238,Gwyneth,Shaver,Gwyneth.Shaver@yopmail.com,Gwyneth.Shaver@gmail.com,firefighter
239,Eolanda,Fillbert,Eolanda.Fillbert@yopmail.com,Eolanda.Fillbert@gmail.com,doctor
240,Maryellen,Timon,Maryellen.Timon@yopmail.com,Maryellen.Timon@gmail.com,police officer
241,Alisha,Ciapas,Alisha.Ciapas@yopmail.com,Alisha.Ciapas@gmail.com,police officer
242,Nonnah,Mauer,Nonnah.Mauer@yopmail.com,Nonnah.Mauer@gmail.com,worker
243,Olivette,Mauer,Olivette.Mauer@yopmail.com,Olivette.Mauer@gmail.com,worker
244,Felice,Noman,Felice.Noman@yopmail.com,Felice.Noman@gmail.com,developer
245,Arlina,Lenny,Arlina.Lenny@yopmail.com,Arlina.Lenny@gmail.com,worker
246,Mireielle,Saunderson,Mireielle.Saunderson@yopmail.com,Mireielle.Saunderson@gmail.com,developer
247,Rori,Ammann,Rori.Ammann@yopmail.com,Rori.Ammann@gmail.com,worker
248,Goldie,Allina,Goldie.Allina@yopmail.com,Goldie.Allina@gmail.com,doctor
249,Mathilda,Leary,Mathilda.Leary@yopmail.com,Mathilda.Leary@gmail.com,doctor
250,Charlena,Pandolfi,Charlena.Pandolfi@yopmail.com,Charlena.Pandolfi@gmail.com,doctor
251,Rozele,Milson,Rozele.Milson@yopmail.com,Rozele.Milson@gmail.com,police officer
252,Peri,Chick,Peri.Chick@yopmail.com,Peri.Chick@gmail.com,worker
253,Jsandye,Wilona,Jsandye.Wilona@yopmail.com,Jsandye.Wilona@gmail.com,police officer
254,Sam,Anestassia,Sam.Anestassia@yopmail.com,Sam.Anestassia@gmail.com,firefighter
255,Sarette,Azeria,Sarette.Azeria@yopmail.com,Sarette.Azeria@gmail.com,worker
256,Nanete,Elbertina,Nanete.Elbertina@yopmail.com,Nanete.Elbertina@gmail.com,developer
257,Selia,Ailyn,Selia.Ailyn@yopmail.com,Selia.Ailyn@gmail.com,police officer
258,Sharai,Rosemary,Sharai.Rosemary@yopmail.com,Sharai.Rosemary@gmail.com,doctor
259,Roseline,Edvard,Roseline.Edvard@yopmail.com,Roseline.Edvard@gmail.com,firefighter
260,Nollie,Solitta,Nollie.Solitta@yopmail.com,Nollie.Solitta@gmail.com,firefighter
261,Stevana,Kenney,Stevana.Kenney@yopmail.com,Stevana.Kenney@gmail.com,doctor
262,Basia,Germann,Basia.Germann@yopmail.com,Basia.Germann@gmail.com,developer
263,Kaia,Hamil,Kaia.Hamil@yopmail.com,Kaia.Hamil@gmail.com,worker
264,Correy,Xerxes,Correy.Xerxes@yopmail.com,Correy.Xerxes@gmail.com,worker
265,Di,Jorgan,Di.Jorgan@yopmail.com,Di.Jorgan@gmail.com,doctor
266,Corene,Anis,Corene.Anis@yopmail.com,Corene.Anis@gmail.com,doctor
267,Dulcinea,Bevin,Dulcinea.Bevin@yopmail.com,Dulcinea.Bevin@gmail.com,developer
268,Marita,Rese,Marita.Rese@yopmail.com,Marita.Rese@gmail.com,doctor
269,Beth,Pattin,Beth.Pattin@yopmail.com,Beth.Pattin@gmail.com,worker
270,Ardeen,Aida,Ardeen.Aida@yopmail.com,Ardeen.Aida@gmail.com,police officer
271,Tressa,Calhoun,Tressa.Calhoun@yopmail.com,Tressa.Calhoun@gmail.com,police officer
272,Ana,Lilybelle,Ana.Lilybelle@yopmail.com,Ana.Lilybelle@gmail.com,developer
273,Gratia,Lanita,Gratia.Lanita@yopmail.com,Gratia.Lanita@gmail.com,police officer
274,Cindelyn,Lowry,Cindelyn.Lowry@yopmail.com,Cindelyn.Lowry@gmail.com,police officer
275,Romona,Mendez,Romona.Mendez@yopmail.com,Romona.Mendez@gmail.com,worker
276,Imojean,Yate,Imojean.Yate@yopmail.com,Imojean.Yate@gmail.com,developer
277,Gertrud,Goerke,Gertrud.Goerke@yopmail.com,Gertrud.Goerke@gmail.com,firefighter
278,Lyssa,Malvino,Lyssa.Malvino@yopmail.com,Lyssa.Malvino@gmail.com,doctor
279,Rochette,Heidt,Rochette.Heidt@yopmail.com,Rochette.Heidt@gmail.com,doctor
280,Randa,Toni,Randa.Toni@yopmail.com,Randa.Toni@gmail.com,police officer
281,Dolli,Infield,Dolli.Infield@yopmail.com,Dolli.Infield@gmail.com,police officer
282,Neila,Fillbert,Neila.Fillbert@yopmail.com,Neila.Fillbert@gmail.com,developer
283,Dawn,Loring,Dawn.Loring@yopmail.com,Dawn.Loring@gmail.com,developer
284,Bill,Isidore,Bill.Isidore@yopmail.com,Bill.Isidore@gmail.com,police officer
285,Sindee,Odysseus,Sindee.Odysseus@yopmail.com,Sindee.Odysseus@gmail.com,police officer
286,Brandise,Vivle,Brandise.Vivle@yopmail.com,Brandise.Vivle@gmail.com,developer
287,Kylynn,Stilwell,Kylynn.Stilwell@yopmail.com,Kylynn.Stilwell@gmail.com,doctor
288,Katharina,Posner,Katharina.Posner@yopmail.com,Katharina.Posner@gmail.com,worker
289,Cyb,Ball,Cyb.Ball@yopmail.com,Cyb.Ball@gmail.com,worker
290,Sue,McCutcheon,Sue.McCutcheon@yopmail.com,Sue.McCutcheon@gmail.com,doctor
291,Cecile,Casimir,Cecile.Casimir@yopmail.com,Cecile.Casimir@gmail.com,worker
292,Mamie,Gusella,Mamie.Gusella@yopmail.com,Mamie.Gusella@gmail.com,doctor
293,Ivett,Hutchison,Ivett.Hutchison@yopmail.com,Ivett.Hutchison@gmail.com,firefighter
294,Rosanne,Wyn,Rosanne.Wyn@yopmail.com,Rosanne.Wyn@gmail.com,police officer
295,Lily,Hamil,Lily.Hamil@yopmail.com,Lily.Hamil@gmail.com,doctor
296,Tierney,Stephie,Tierney.Stephie@yopmail.com,Tierney.Stephie@gmail.com,developer
297,Tamqrah,Schwejda,Tamqrah.Schwejda@yopmail.com,Tamqrah.Schwejda@gmail.com,doctor
298,Brianna,Herrera,Brianna.Herrera@yopmail.com,Brianna.Herrera@gmail.com,police officer
299,Robinia,Wind,Robinia.Wind@yopmail.com,Robinia.Wind@gmail.com,firefighter
300,Ardeen,Scammon,Ardeen.Scammon@yopmail.com,Ardeen.Scammon@gmail.com,developer
301,Vonny,Oscar,Vonny.Oscar@yopmail.com,Vonny.Oscar@gmail.com,worker
302,Kenna,Love,Kenna.Love@yopmail.com,Kenna.Love@gmail.com,developer
303,Florie,Persse,Florie.Persse@yopmail.com,Florie.Persse@gmail.com,police officer
304,Roz,Francyne,Roz.Francyne@yopmail.com,Roz.Francyne@gmail.com,police officer
305,Laure,Serilda,Laure.Serilda@yopmail.com,Laure.Serilda@gmail.com,developer
306,Mildrid,Jammal,Mildrid.Jammal@yopmail.com,Mildrid.Jammal@gmail.com,firefighter
307,Ann-Marie,Bearnard,Ann-Marie.Bearnard@yopmail.com,Ann-Marie.Bearnard@gmail.com,police officer
308,Merle,Harday,Merle.Harday@yopmail.com,Merle.Harday@gmail.com,worker
309,Ginnie,Pyle,Ginnie.Pyle@yopmail.com,Ginnie.Pyle@gmail.com,worker
310,Fernande,Estella,Fernande.Estella@yopmail.com,Fernande.Estella@gmail.com,worker
311,Dotty,Fosque,Dotty.Fosque@yopmail.com,Dotty.Fosque@gmail.com,firefighter
312,Tatiania,Sabella,Tatiania.Sabella@yopmail.com,Tatiania.Sabella@gmail.com,developer
313,Winny,Wildermuth,Winny.Wildermuth@yopmail.com,Winny.Wildermuth@gmail.com,worker
314,Maye,Smitt,Maye.Smitt@yopmail.com,Maye.Smitt@gmail.com,developer
315,Sharai,Llovera,Sharai.Llovera@yopmail.com,Sharai.Llovera@gmail.com,firefighter
316,Gloria,Means,Gloria.Means@yopmail.com,Gloria.Means@gmail.com,worker
317,Katuscha,Couture,Katuscha.Couture@yopmail.com,Katuscha.Couture@gmail.com,developer
318,Ericka,Charity,Ericka.Charity@yopmail.com,Ericka.Charity@gmail.com,firefighter
319,Rozele,Autrey,Rozele.Autrey@yopmail.com,Rozele.Autrey@gmail.com,doctor
320,Minda,Bryna,Minda.Bryna@yopmail.com,Minda.Bryna@gmail.com,developer
321,Lizzie,Korey,Lizzie.Korey@yopmail.com,Lizzie.Korey@gmail.com,doctor
322,Queenie,Vilma,Queenie.Vilma@yopmail.com,Queenie.Vilma@gmail.com,doctor
323,Alexine,Frendel,Alexine.Frendel@yopmail.com,Alexine.Frendel@gmail.com,firefighter
324,Julieta,Johnsson,Julieta.Johnsson@yopmail.com,Julieta.Johnsson@gmail.com,doctor
325,Nananne,Sperling,Nananne.Sperling@yopmail.com,Nananne.Sperling@gmail.com,worker
326,Melodie,Cleavland,Melodie.Cleavland@yopmail.com,Melodie.Cleavland@gmail.com,firefighter
327,Eadie,Denis,Eadie.Denis@yopmail.com,Eadie.Denis@gmail.com,developer
328,Selma,Matthew,Selma.Matthew@yopmail.com,Selma.Matthew@gmail.com,police officer
329,Bernie,Syd,Bernie.Syd@yopmail.com,Bernie.Syd@gmail.com,police officer
330,Violet,Stacy,Violet.Stacy@yopmail.com,Violet.Stacy@gmail.com,firefighter
331,Gui,Seumas,Gui.Seumas@yopmail.com,Gui.Seumas@gmail.com,doctor
332,Calla,Sekofski,Calla.Sekofski@yopmail.com,Calla.Sekofski@gmail.com,developer
333,Silvana,Monk,Silvana.Monk@yopmail.com,Silvana.Monk@gmail.com,police officer
334,Valera,Chinua,Valera.Chinua@yopmail.com,Valera.Chinua@gmail.com,doctor
335,Kate,Ariella,Kate.Ariella@yopmail.com,Kate.Ariella@gmail.com,doctor
336,Drucie,Elo,Drucie.Elo@yopmail.com,Drucie.Elo@gmail.com,doctor
337,Joelly,Elephus,Joelly.Elephus@yopmail.com,Joelly.Elephus@gmail.com,developer
338,Althea,Carlson,Althea.Carlson@yopmail.com,Althea.Carlson@gmail.com,worker
339,Albertina,Leffen,Albertina.Leffen@yopmail.com,Albertina.Leffen@gmail.com,doctor
340,Gwyneth,Love,Gwyneth.Love@yopmail.com,Gwyneth.Love@gmail.com,firefighter
341,Silvana,Zachary,Silvana.Zachary@yopmail.com,Silvana.Zachary@gmail.com,firefighter
342,Alex,Gahl,Alex.Gahl@yopmail.com,Alex.Gahl@gmail.com,developer
343,Merry,Joseph,Merry.Joseph@yopmail.com,Merry.Joseph@gmail.com,doctor
344,Lauryn,Dash,Lauryn.Dash@yopmail.com,Lauryn.Dash@gmail.com,firefighter
345,Kial,Faust,Kial.Faust@yopmail.com,Kial.Faust@gmail.com,doctor
346,Karly,Turne,Karly.Turne@yopmail.com,Karly.Turne@gmail.com,worker
347,Marline,Madaih,Marline.Madaih@yopmail.com,Marline.Madaih@gmail.com,doctor
348,Henriette,Tjon,Henriette.Tjon@yopmail.com,Henriette.Tjon@gmail.com,police officer
349,Hayley,Cullin,Hayley.Cullin@yopmail.com,Hayley.Cullin@gmail.com,worker
350,Hildegaard,Vilma,Hildegaard.Vilma@yopmail.com,Hildegaard.Vilma@gmail.com,police officer
351,Lyssa,Bebe,Lyssa.Bebe@yopmail.com,Lyssa.Bebe@gmail.com,doctor
352,Silvana,Lucienne,Silvana.Lucienne@yopmail.com,Silvana.Lucienne@gmail.com,doctor
353,Jaclyn,Gusella,Jaclyn.Gusella@yopmail.com,Jaclyn.Gusella@gmail.com,developer
354,Phylis,Angelis,Phylis.Angelis@yopmail.com,Phylis.Angelis@gmail.com,developer
355,Odessa,Vins,Odessa.Vins@yopmail.com,Odessa.Vins@gmail.com,police officer
356,Mariann,Klemperer,Mariann.Klemperer@yopmail.com,Mariann.Klemperer@gmail.com,worker
357,Ileana,Eachern,Ileana.Eachern@yopmail.com,Ileana.Eachern@gmail.com,worker
358,Ann-Marie,Regan,Ann-Marie.Regan@yopmail.com,Ann-Marie.Regan@gmail.com,doctor
359,Talya,Posner,Talya.Posner@yopmail.com,Talya.Posner@gmail.com,police officer
360,Albertina,Drus,Albertina.Drus@yopmail.com,Albertina.Drus@gmail.com,worker
361,Oona,Karylin,Oona.Karylin@yopmail.com,Oona.Karylin@gmail.com,firefighter
362,Adriana,Himelman,Adriana.Himelman@yopmail.com,Adriana.Himelman@gmail.com,worker
363,Chloris,Cyrie,Chloris.Cyrie@yopmail.com,Chloris.Cyrie@gmail.com,worker
364,Ida,Cavan,Ida.Cavan@yopmail.com,Ida.Cavan@gmail.com,doctor
365,Mady,Forrer,Mady.Forrer@yopmail.com,Mady.Forrer@gmail.com,doctor
366,Miquela,Vary,Miquela.Vary@yopmail.com,Miquela.Vary@gmail.com,worker
367,Brianna,Wandie,Brianna.Wandie@yopmail.com,Brianna.Wandie@gmail.com,police officer
368,Jere,Esmaria,Jere.Esmaria@yopmail.com,Jere.Esmaria@gmail.com,firefighter
369,Melisent,Raimondo,Melisent.Raimondo@yopmail.com,Melisent.Raimondo@gmail.com,worker
370,Eolanda,Corabella,Eolanda.Corabella@yopmail.com,Eolanda.Corabella@gmail.com,police officer
371,Clary,Lorenz,Clary.Lorenz@yopmail.com,Clary.Lorenz@gmail.com,firefighter
372,Margarette,Ludewig,Margarette.Ludewig@yopmail.com,Margarette.Ludewig@gmail.com,doctor
373,Oralee,Ilka,Oralee.Ilka@yopmail.com,Oralee.Ilka@gmail.com,police officer
374,Linzy,Blase,Linzy.Blase@yopmail.com,Linzy.Blase@gmail.com,developer
375,Renae,Schroth,Renae.Schroth@yopmail.com,Renae.Schroth@gmail.com,police officer
376,Paule,Buttaro,Paule.Buttaro@yopmail.com,Paule.Buttaro@gmail.com,doctor
377,Wileen,Winthorpe,Wileen.Winthorpe@yopmail.com,Wileen.Winthorpe@gmail.com,worker
378,Linzy,Haerr,Linzy.Haerr@yopmail.com,Linzy.Haerr@gmail.com,doctor
379,Betta,Raychel,Betta.Raychel@yopmail.com,Betta.Raychel@gmail.com,worker
380,Tabbatha,Lanita,Tabbatha.Lanita@yopmail.com,Tabbatha.Lanita@gmail.com,police officer
381,Ida,Alice,Ida.Alice@yopmail.com,Ida.Alice@gmail.com,developer
382,Priscilla,Valoniah,Priscilla.Valoniah@yopmail.com,Priscilla.Valoniah@gmail.com,firefighter
383,Jemie,Amadas,Jemie.Amadas@yopmail.com,Jemie.Amadas@gmail.com,firefighter
384,Benita,Lay,Benita.Lay@yopmail.com,Benita.Lay@gmail.com,firefighter
385,Cathie,Percy,Cathie.Percy@yopmail.com,Cathie.Percy@gmail.com,firefighter
386,Keelia,Sundin,Keelia.Sundin@yopmail.com,Keelia.Sundin@gmail.com,worker
387,Valli,Sundin,Valli.Sundin@yopmail.com,Valli.Sundin@gmail.com,firefighter
388,Dennie,Latini,Dennie.Latini@yopmail.com,Dennie.Latini@gmail.com,developer
389,Winny,Revkah,Winny.Revkah@yopmail.com,Winny.Revkah@gmail.com,doctor
390,Grier,Carvey,Grier.Carvey@yopmail.com,Grier.Carvey@gmail.com,firefighter
391,Norine,Swanhildas,Norine.Swanhildas@yopmail.com,Norine.Swanhildas@gmail.com,firefighter
392,Chandra,Robertson,Chandra.Robertson@yopmail.com,Chandra.Robertson@gmail.com,police officer
393,Harrietta,Jorgan,Harrietta.Jorgan@yopmail.com,Harrietta.Jorgan@gmail.com,developer
394,Ekaterina,Craggie,Ekaterina.Craggie@yopmail.com,Ekaterina.Craggie@gmail.com,worker
395,Josephine,Lipson,Josephine.Lipson@yopmail.com,Josephine.Lipson@gmail.com,doctor
396,Ida,Belldas,Ida.Belldas@yopmail.com,Ida.Belldas@gmail.com,developer
397,Maud,Raimondo,Maud.Raimondo@yopmail.com,Maud.Raimondo@gmail.com,doctor
398,Chastity,Lymann,Chastity.Lymann@yopmail.com,Chastity.Lymann@gmail.com,doctor
399,Basia,McCutcheon,Basia.McCutcheon@yopmail.com,Basia.McCutcheon@gmail.com,police officer
400,Aubrie,Martguerita,Aubrie.Martguerita@yopmail.com,Aubrie.Martguerita@gmail.com,doctor
401,Latisha,Ball,Latisha.Ball@yopmail.com,Latisha.Ball@gmail.com,firefighter
402,Olwen,Munn,Olwen.Munn@yopmail.com,Olwen.Munn@gmail.com,doctor
403,Ninnetta,Dulciana,Ninnetta.Dulciana@yopmail.com,Ninnetta.Dulciana@gmail.com,police officer
404,Cathyleen,Erich,Cathyleen.Erich@yopmail.com,Cathyleen.Erich@gmail.com,doctor
405,Ayn,Fancie,Ayn.Fancie@yopmail.com,Ayn.Fancie@gmail.com,worker
406,Melina,Sawtelle,Melina.Sawtelle@yopmail.com,Melina.Sawtelle@gmail.com,firefighter
407,Dorothy,Schonfeld,Dorothy.Schonfeld@yopmail.com,Dorothy.Schonfeld@gmail.com,worker
408,Lisette,Shirberg,Lisette.Shirberg@yopmail.com,Lisette.Shirberg@gmail.com,police officer
409,Nikki,Liebermann,Nikki.Liebermann@yopmail.com,Nikki.Liebermann@gmail.com,firefighter
410,Vivia,Daniele,Vivia.Daniele@yopmail.com,Vivia.Daniele@gmail.com,firefighter
411,Angelique,Soneson,Angelique.Soneson@yopmail.com,Angelique.Soneson@gmail.com,worker
412,Dania,Yoko,Dania.Yoko@yopmail.com,Dania.Yoko@gmail.com,doctor
413,Zsa Zsa,Engdahl,Zsa Zsa.Engdahl@yopmail.com,Zsa Zsa.Engdahl@gmail.com,police officer
414,Ada,Ulphia,Ada.Ulphia@yopmail.com,Ada.Ulphia@gmail.com,worker
415,Magdalena,Kiersten,Magdalena.Kiersten@yopmail.com,Magdalena.Kiersten@gmail.com,police officer
416,Mildrid,Darbie,Mildrid.Darbie@yopmail.com,Mildrid.Darbie@gmail.com,doctor
417,Dorothy,Evvie,Dorothy.Evvie@yopmail.com,Dorothy.Evvie@gmail.com,developer
418,Dorice,Natalia,Dorice.Natalia@yopmail.com,Dorice.Natalia@gmail.com,developer
419,Roz,Amasa,Roz.Amasa@yopmail.com,Roz.Amasa@gmail.com,firefighter
420,Merrie,Roumell,Merrie.Roumell@yopmail.com,Merrie.Roumell@gmail.com,firefighter
421,Ebonee,Kristi,Ebonee.Kristi@yopmail.com,Ebonee.Kristi@gmail.com,police officer
422,Anallese,Uund,Anallese.Uund@yopmail.com,Anallese.Uund@gmail.com,police officer
423,Anica,Abbot,Anica.Abbot@yopmail.com,Anica.Abbot@gmail.com,firefighter
424,Chloris,Christal,Chloris.Christal@yopmail.com,Chloris.Christal@gmail.com,police officer
425,Ira,Lamoree,Ira.Lamoree@yopmail.com,Ira.Lamoree@gmail.com,doctor
426,Rosabelle,Dominy,Rosabelle.Dominy@yopmail.com,Rosabelle.Dominy@gmail.com,doctor
427,Camile,Margret,Camile.Margret@yopmail.com,Camile.Margret@gmail.com,police officer
428,Starla,Huggins,Starla.Huggins@yopmail.com,Starla.Huggins@gmail.com,police officer
429,Averyl,Ackerley,Averyl.Ackerley@yopmail.com,Averyl.Ackerley@gmail.com,firefighter
430,Barbara,Brunell,Barbara.Brunell@yopmail.com,Barbara.Brunell@gmail.com,worker
431,Luci,Seagraves,Luci.Seagraves@yopmail.com,Luci.Seagraves@gmail.com,worker
432,Sabina,Masao,Sabina.Masao@yopmail.com,Sabina.Masao@gmail.com,firefighter
433,Fredericka,Burnside,Fredericka.Burnside@yopmail.com,Fredericka.Burnside@gmail.com,police officer
434,Natka,Fiester,Natka.Fiester@yopmail.com,Natka.Fiester@gmail.com,doctor
435,Fina,Jess,Fina.Jess@yopmail.com,Fina.Jess@gmail.com,police officer
436,Lizzie,Chobot,Lizzie.Chobot@yopmail.com,Lizzie.Chobot@gmail.com,worker
437,Molli,Talia,Molli.Talia@yopmail.com,Molli.Talia@gmail.com,police officer
438,Rivalee,McAdams,Rivalee.McAdams@yopmail.com,Rivalee.McAdams@gmail.com,firefighter
439,Pamella,Rubie,Pamella.Rubie@yopmail.com,Pamella.Rubie@gmail.com,developer
440,Natka,Old,Natka.Old@yopmail.com,Natka.Old@gmail.com,police officer
441,Camile,Annabella,Camile.Annabella@yopmail.com,Camile.Annabella@gmail.com,firefighter
442,Evita,Schenck,Evita.Schenck@yopmail.com,Evita.Schenck@gmail.com,doctor
443,Lacie,Arquit,Lacie.Arquit@yopmail.com,Lacie.Arquit@gmail.com,police officer
444,Candi,Cimbura,Candi.Cimbura@yopmail.com,Candi.Cimbura@gmail.com,police officer
445,Ulrike,Gino,Ulrike.Gino@yopmail.com,Ulrike.Gino@gmail.com,police officer
446,Barbara,Hamil,Barbara.Hamil@yopmail.com,Barbara.Hamil@gmail.com,police officer
447,Lonnie,MacIntosh,Lonnie.MacIntosh@yopmail.com,Lonnie.MacIntosh@gmail.com,doctor
448,Minne,Turne,Minne.Turne@yopmail.com,Minne.Turne@gmail.com,police officer
449,Desirae,Dominy,Desirae.Dominy@yopmail.com,Desirae.Dominy@gmail.com,developer
450,Mahalia,Anastatius,Mahalia.Anastatius@yopmail.com,Mahalia.Anastatius@gmail.com,developer
451,Letizia,Boehike,Letizia.Boehike@yopmail.com,Letizia.Boehike@gmail.com,police officer
452,Margarette,Boycey,Margarette.Boycey@yopmail.com,Margarette.Boycey@gmail.com,police officer
453,Shannah,Septima,Shannah.Septima@yopmail.com,Shannah.Septima@gmail.com,police officer
454,Shirlee,Ortrude,Shirlee.Ortrude@yopmail.com,Shirlee.Ortrude@gmail.com,worker
455,Catrina,Calhoun,Catrina.Calhoun@yopmail.com,Catrina.Calhoun@gmail.com,developer
456,Tabbatha,Kenney,Tabbatha.Kenney@yopmail.com,Tabbatha.Kenney@gmail.com,police officer
457,Allyce,Schlosser,Allyce.Schlosser@yopmail.com,Allyce.Schlosser@gmail.com,developer
458,Vivia,Gillan,Vivia.Gillan@yopmail.com,Vivia.Gillan@gmail.com,developer
459,Trudie,Niles,Trudie.Niles@yopmail.com,Trudie.Niles@gmail.com,worker
460,Britte,Claudine,Britte.Claudine@yopmail.com,Britte.Claudine@gmail.com,police officer
461,Cathyleen,Earlie,Cathyleen.Earlie@yopmail.com,Cathyleen.Earlie@gmail.com,police officer
462,Tina,Sheng,Tina.Sheng@yopmail.com,Tina.Sheng@gmail.com,police officer
463,Cathyleen,Remmer,Cathyleen.Remmer@yopmail.com,Cathyleen.Remmer@gmail.com,worker
464,Deloria,Suanne,Deloria.Suanne@yopmail.com,Deloria.Suanne@gmail.com,firefighter
465,Jaime,Lytton,Jaime.Lytton@yopmail.com,Jaime.Lytton@gmail.com,developer
466,Arabel,Roumell,Arabel.Roumell@yopmail.com,Arabel.Roumell@gmail.com,developer
467,Linet,Rosalba,Linet.Rosalba@yopmail.com,Linet.Rosalba@gmail.com,firefighter
468,Constance,Fry,Constance.Fry@yopmail.com,Constance.Fry@gmail.com,police officer
469,Tami,Buttaro,Tami.Buttaro@yopmail.com,Tami.Buttaro@gmail.com,police officer
470,Winny,Minetta,Winny.Minetta@yopmail.com,Winny.Minetta@gmail.com,worker
471,Roxane,Japeth,Roxane.Japeth@yopmail.com,Roxane.Japeth@gmail.com,firefighter
472,Gabriellia,Japeth,Gabriellia.Japeth@yopmail.com,Gabriellia.Japeth@gmail.com,worker
473,Ivett,Wattenberg,Ivett.Wattenberg@yopmail.com,Ivett.Wattenberg@gmail.com,police officer
474,Ida,Valerio,Ida.Valerio@yopmail.com,Ida.Valerio@gmail.com,worker
475,Queenie,Read,Queenie.Read@yopmail.com,Queenie.Read@gmail.com,police officer
476,Jasmina,My,Jasmina.My@yopmail.com,Jasmina.My@gmail.com,developer
477,Roxane,Ezar,Roxane.Ezar@yopmail.com,Roxane.Ezar@gmail.com,worker
478,Leia,Sammons,Leia.Sammons@yopmail.com,Leia.Sammons@gmail.com,firefighter
479,Gisela,Naashom,Gisela.Naashom@yopmail.com,Gisela.Naashom@gmail.com,doctor
480,Lauryn,Bobbee,Lauryn.Bobbee@yopmail.com,Lauryn.Bobbee@gmail.com,police officer
481,Gilligan,Fitzsimmons,Gilligan.Fitzsimmons@yopmail.com,Gilligan.Fitzsimmons@gmail.com,doctor
482,Marylou,Bakerman,Marylou.Bakerman@yopmail.com,Marylou.Bakerman@gmail.com,police officer
483,Jaime,Anderea,Jaime.Anderea@yopmail.com,Jaime.Anderea@gmail.com,developer
484,Hettie,Anis,Hettie.Anis@yopmail.com,Hettie.Anis@gmail.com,firefighter
485,Annabela,Tjon,Annabela.Tjon@yopmail.com,Annabela.Tjon@gmail.com,doctor
486,Kirstin,Henebry,Kirstin.Henebry@yopmail.com,Kirstin.Henebry@gmail.com,firefighter
487,Chastity,Carey,Chastity.Carey@yopmail.com,Chastity.Carey@gmail.com,developer
488,Anica,Harned,Anica.Harned@yopmail.com,Anica.Harned@gmail.com,police officer
489,Lorie,Naor,Lorie.Naor@yopmail.com,Lorie.Naor@gmail.com,firefighter
490,Lucy,Barney,Lucy.Barney@yopmail.com,Lucy.Barney@gmail.com,worker
491,Gabriellia,Helfand,Gabriellia.Helfand@yopmail.com,Gabriellia.Helfand@gmail.com,developer
492,Vinita,Ulphia,Vinita.Ulphia@yopmail.com,Vinita.Ulphia@gmail.com,police officer
493,Gwyneth,O'Rourke,Gwyneth.O'Rourke@yopmail.com,Gwyneth.O'Rourke@gmail.com,firefighter
494,Taffy,Delila,Taffy.Delila@yopmail.com,Taffy.Delila@gmail.com,doctor
495,Lily,Kunin,Lily.Kunin@yopmail.com,Lily.Kunin@gmail.com,worker
496,Gerianna,Hanshaw,Gerianna.Hanshaw@yopmail.com,Gerianna.Hanshaw@gmail.com,developer
497,Minda,Joseph,Minda.Joseph@yopmail.com,Minda.Joseph@gmail.com,firefighter
498,Ashlee,Gabrielli,Ashlee.Gabrielli@yopmail.com,Ashlee.Gabrielli@gmail.com,firefighter
499,Renie,Danby,Renie.Danby@yopmail.com,Renie.Danby@gmail.com,doctor
500,Carilyn,Ricki,Carilyn.Ricki@yopmail.com,Carilyn.Ricki@gmail.com,developer
501,Moyna,Carmena,Moyna.Carmena@yopmail.com,Moyna.Carmena@gmail.com,firefighter
502,Sindee,Joseph,Sindee.Joseph@yopmail.com,Sindee.Joseph@gmail.com,firefighter
503,Ninnetta,Boehike,Ninnetta.Boehike@yopmail.com,Ninnetta.Boehike@gmail.com,firefighter
504,Verla,Jarib,Verla.Jarib@yopmail.com,Verla.Jarib@gmail.com,firefighter
505,Tani,Nicoline,Tani.Nicoline@yopmail.com,Tani.Nicoline@gmail.com,police officer
506,Steffane,Remmer,Steffane.Remmer@yopmail.com,Steffane.Remmer@gmail.com,firefighter
507,Shauna,Bevin,Shauna.Bevin@yopmail.com,Shauna.Bevin@gmail.com,firefighter
508,Corly,Rebecka,Corly.Rebecka@yopmail.com,Corly.Rebecka@gmail.com,developer
509,Halette,Harriman,Halette.Harriman@yopmail.com,Halette.Harriman@gmail.com,developer
510,Dulcinea,Dash,Dulcinea.Dash@yopmail.com,Dulcinea.Dash@gmail.com,developer
511,Elka,Ophelia,Elka.Ophelia@yopmail.com,Elka.Ophelia@gmail.com,worker
512,Leeanne,Earlie,Leeanne.Earlie@yopmail.com,Leeanne.Earlie@gmail.com,developer
513,Kate,Charity,Kate.Charity@yopmail.com,Kate.Charity@gmail.com,worker
514,Lyssa,Delacourt,Lyssa.Delacourt@yopmail.com,Lyssa.Delacourt@gmail.com,firefighter
515,Malina,Fiester,Malina.Fiester@yopmail.com,Malina.Fiester@gmail.com,firefighter
516,Chastity,Orlene,Chastity.Orlene@yopmail.com,Chastity.Orlene@gmail.com,worker
517,Brooks,Moina,Brooks.Moina@yopmail.com,Brooks.Moina@gmail.com,doctor
518,Carmencita,Viddah,Carmencita.Viddah@yopmail.com,Carmencita.Viddah@gmail.com,developer
519,Teddie,Bates,Teddie.Bates@yopmail.com,Teddie.Bates@gmail.com,police officer
520,Agnese,Hamil,Agnese.Hamil@yopmail.com,Agnese.Hamil@gmail.com,developer
521,Dotty,Hertzfeld,Dotty.Hertzfeld@yopmail.com,Dotty.Hertzfeld@gmail.com,developer
522,Candy,Faust,Candy.Faust@yopmail.com,Candy.Faust@gmail.com,worker
523,Bobinette,Pillsbury,Bobinette.Pillsbury@yopmail.com,Bobinette.Pillsbury@gmail.com,worker
524,Tani,Sharl,Tani.Sharl@yopmail.com,Tani.Sharl@gmail.com,police officer
525,Renae,Baptlsta,Renae.Baptlsta@yopmail.com,Renae.Baptlsta@gmail.com,firefighter
526,Maryellen,Sacken,Maryellen.Sacken@yopmail.com,Maryellen.Sacken@gmail.com,worker
527,Jacquetta,Heisel,Jacquetta.Heisel@yopmail.com,Jacquetta.Heisel@gmail.com,firefighter
528,Candi,Tristram,Candi.Tristram@yopmail.com,Candi.Tristram@gmail.com,developer
529,Lulita,Prouty,Lulita.Prouty@yopmail.com,Lulita.Prouty@gmail.com,worker
530,Tarra,Longfellow,Tarra.Longfellow@yopmail.com,Tarra.Longfellow@gmail.com,doctor
531,Maryellen,Kinnard,Maryellen.Kinnard@yopmail.com,Maryellen.Kinnard@gmail.com,doctor
532,Jillayne,Hubert,Jillayne.Hubert@yopmail.com,Jillayne.Hubert@gmail.com,worker
533,Natka,Halla,Natka.Halla@yopmail.com,Natka.Halla@gmail.com,doctor
534,Mariele,Cath,Mariele.Cath@yopmail.com,Mariele.Cath@gmail.com,worker
535,Helsa,Haerr,Helsa.Haerr@yopmail.com,Helsa.Haerr@gmail.com,police officer
536,Roxane,Rudolph,Roxane.Rudolph@yopmail.com,Roxane.Rudolph@gmail.com,police officer
537,Dominga,Jethro,Dominga.Jethro@yopmail.com,Dominga.Jethro@gmail.com,developer
538,Leia,Sikorski,Leia.Sikorski@yopmail.com,Leia.Sikorski@gmail.com,doctor
539,Jerry,Loring,Jerry.Loring@yopmail.com,Jerry.Loring@gmail.com,police officer
540,Starla,Ariella,Starla.Ariella@yopmail.com,Starla.Ariella@gmail.com,doctor
541,Barbi,Couture,Barbi.Couture@yopmail.com,Barbi.Couture@gmail.com,doctor
542,Lulita,Rosalba,Lulita.Rosalba@yopmail.com,Lulita.Rosalba@gmail.com,police officer
543,Alex,Ietta,Alex.Ietta@yopmail.com,Alex.Ietta@gmail.com,worker
544,Konstance,Hertzfeld,Konstance.Hertzfeld@yopmail.com,Konstance.Hertzfeld@gmail.com,developer
545,Aili,Korey,Aili.Korey@yopmail.com,Aili.Korey@gmail.com,firefighter
546,Jan,Dermott,Jan.Dermott@yopmail.com,Jan.Dermott@gmail.com,worker
547,Corly,Jorgan,Corly.Jorgan@yopmail.com,Corly.Jorgan@gmail.com,developer
548,Lily,Lareena,Lily.Lareena@yopmail.com,Lily.Lareena@gmail.com,doctor
549,Laurene,Fennessy,Laurene.Fennessy@yopmail.com,Laurene.Fennessy@gmail.com,firefighter
550,Nelle,Behre,Nelle.Behre@yopmail.com,Nelle.Behre@gmail.com,police officer
551,Mamie,LaRue,Mamie.LaRue@yopmail.com,Mamie.LaRue@gmail.com,doctor
552,Wanda,Zamora,Wanda.Zamora@yopmail.com,Wanda.Zamora@gmail.com,developer
553,Calla,Seessel,Calla.Seessel@yopmail.com,Calla.Seessel@gmail.com,police officer
554,Joceline,Berne,Joceline.Berne@yopmail.com,Joceline.Berne@gmail.com,worker
555,Ninnetta,Nunci,Ninnetta.Nunci@yopmail.com,Ninnetta.Nunci@gmail.com,police officer
556,Valeda,Hoban,Valeda.Hoban@yopmail.com,Valeda.Hoban@gmail.com,worker
557,Mariann,Gherardo,Mariann.Gherardo@yopmail.com,Mariann.Gherardo@gmail.com,firefighter
558,Jemie,Florina,Jemie.Florina@yopmail.com,Jemie.Florina@gmail.com,doctor
559,Aeriela,Israeli,Aeriela.Israeli@yopmail.com,Aeriela.Israeli@gmail.com,developer
560,Jessamyn,Bearnard,Jessamyn.Bearnard@yopmail.com,Jessamyn.Bearnard@gmail.com,firefighter
561,Charmaine,Ahab,Charmaine.Ahab@yopmail.com,Charmaine.Ahab@gmail.com,worker
562,Mariele,Bow,Mariele.Bow@yopmail.com,Mariele.Bow@gmail.com,developer
563,Dione,Allare,Dione.Allare@yopmail.com,Dione.Allare@gmail.com,worker
564,Viki,Aldric,Viki.Aldric@yopmail.com,Viki.Aldric@gmail.com,police officer
565,Violet,Naashom,Violet.Naashom@yopmail.com,Violet.Naashom@gmail.com,police officer
566,Tabbatha,Grayce,Tabbatha.Grayce@yopmail.com,Tabbatha.Grayce@gmail.com,firefighter
567,Raquela,Vale,Raquela.Vale@yopmail.com,Raquela.Vale@gmail.com,worker
568,Christian,An,Christian.An@yopmail.com,Christian.An@gmail.com,worker
569,Tani,Milson,Tani.Milson@yopmail.com,Tani.Milson@gmail.com,doctor
570,Amii,Burnside,Amii.Burnside@yopmail.com,Amii.Burnside@gmail.com,doctor
571,Henriette,Anselmi,Henriette.Anselmi@yopmail.com,Henriette.Anselmi@gmail.com,police officer
572,Sophia,Bakerman,Sophia.Bakerman@yopmail.com,Sophia.Bakerman@gmail.com,worker
573,Sue,Penelopa,Sue.Penelopa@yopmail.com,Sue.Penelopa@gmail.com,police officer
574,Claudina,Old,Claudina.Old@yopmail.com,Claudina.Old@gmail.com,firefighter
575,Dorene,Lalitta,Dorene.Lalitta@yopmail.com,Dorene.Lalitta@gmail.com,police officer
576,Ernesta,Beniamino,Ernesta.Beniamino@yopmail.com,Ernesta.Beniamino@gmail.com,developer
577,Imojean,Cristi,Imojean.Cristi@yopmail.com,Imojean.Cristi@gmail.com,worker
578,Linet,Tomasina,Linet.Tomasina@yopmail.com,Linet.Tomasina@gmail.com,developer
579,Fanchon,Dowski,Fanchon.Dowski@yopmail.com,Fanchon.Dowski@gmail.com,firefighter
580,Donnie,Salvidor,Donnie.Salvidor@yopmail.com,Donnie.Salvidor@gmail.com,developer
581,Eadie,Damarra,Eadie.Damarra@yopmail.com,Eadie.Damarra@gmail.com,developer
582,Meriel,Craggie,Meriel.Craggie@yopmail.com,Meriel.Craggie@gmail.com,worker
583,Perry,Brodench,Perry.Brodench@yopmail.com,Perry.Brodench@gmail.com,firefighter
584,Desirae,Georas,Desirae.Georas@yopmail.com,Desirae.Georas@gmail.com,firefighter
585,Chastity,Fiester,Chastity.Fiester@yopmail.com,Chastity.Fiester@gmail.com,firefighter
586,Gwyneth,Carey,Gwyneth.Carey@yopmail.com,Gwyneth.Carey@gmail.com,doctor
587,Althea,Harriman,Althea.Harriman@yopmail.com,Althea.Harriman@gmail.com,doctor
588,Edyth,Elsinore,Edyth.Elsinore@yopmail.com,Edyth.Elsinore@gmail.com,firefighter
589,Karena,Suzetta,Karena.Suzetta@yopmail.com,Karena.Suzetta@gmail.com,police officer
590,Olivette,Burkle,Olivette.Burkle@yopmail.com,Olivette.Burkle@gmail.com,developer
591,Melisent,Mauer,Melisent.Mauer@yopmail.com,Melisent.Mauer@gmail.com,police officer
592,Melisent,Pulsifer,Melisent.Pulsifer@yopmail.com,Melisent.Pulsifer@gmail.com,police officer
593,Dulce,Ahab,Dulce.Ahab@yopmail.com,Dulce.Ahab@gmail.com,doctor
594,Lindie,Colbert,Lindie.Colbert@yopmail.com,Lindie.Colbert@gmail.com,developer
595,Barbara,Cosenza,Barbara.Cosenza@yopmail.com,Barbara.Cosenza@gmail.com,firefighter
596,Fernande,Masao,Fernande.Masao@yopmail.com,Fernande.Masao@gmail.com,police officer
597,Kristan,Clara,Kristan.Clara@yopmail.com,Kristan.Clara@gmail.com,firefighter
598,Kenna,Tybald,Kenna.Tybald@yopmail.com,Kenna.Tybald@gmail.com,developer
599,Tabbatha,Lauraine,Tabbatha.Lauraine@yopmail.com,Tabbatha.Lauraine@gmail.com,worker
600,Jan,Elo,Jan.Elo@yopmail.com,Jan.Elo@gmail.com,developer
601,Angelique,Graig,Angelique.Graig@yopmail.com,Angelique.Graig@gmail.com,doctor
602,Zondra,Oriana,Zondra.Oriana@yopmail.com,Zondra.Oriana@gmail.com,doctor
603,Kristan,Harriman,Kristan.Harriman@yopmail.com,Kristan.Harriman@gmail.com,police officer
604,Jerry,Carleen,Jerry.Carleen@yopmail.com,Jerry.Carleen@gmail.com,firefighter
605,Judy,Schroth,Judy.Schroth@yopmail.com,Judy.Schroth@gmail.com,developer
606,Luci,Standing,Luci.Standing@yopmail.com,Luci.Standing@gmail.com,firefighter
607,Gusella,Nelsen,Gusella.Nelsen@yopmail.com,Gusella.Nelsen@gmail.com,worker
608,Concettina,Ahab,Concettina.Ahab@yopmail.com,Concettina.Ahab@gmail.com,developer
609,Ginnie,Danby,Ginnie.Danby@yopmail.com,Ginnie.Danby@gmail.com,police officer
610,Zia,Cookie,Zia.Cookie@yopmail.com,Zia.Cookie@gmail.com,developer
611,Siana,Llovera,Siana.Llovera@yopmail.com,Siana.Llovera@gmail.com,firefighter
612,Evaleen,Blake,Evaleen.Blake@yopmail.com,Evaleen.Blake@gmail.com,police officer
613,Bernie,Willie,Bernie.Willie@yopmail.com,Bernie.Willie@gmail.com,police officer
614,Frank,Nelsen,Frank.Nelsen@yopmail.com,Frank.Nelsen@gmail.com,doctor
615,Lorie,Kat,Lorie.Kat@yopmail.com,Lorie.Kat@gmail.com,doctor
616,Jennica,Braun,Jennica.Braun@yopmail.com,Jennica.Braun@gmail.com,firefighter
617,Eve,Laurianne,Eve.Laurianne@yopmail.com,Eve.Laurianne@gmail.com,firefighter
618,Kittie,Connelly,Kittie.Connelly@yopmail.com,Kittie.Connelly@gmail.com,police officer
619,Sheelagh,Nance,Sheelagh.Nance@yopmail.com,Sheelagh.Nance@gmail.com,police officer
620,Nanete,Vanni,Nanete.Vanni@yopmail.com,Nanete.Vanni@gmail.com,worker
621,Donnie,Mayeda,Donnie.Mayeda@yopmail.com,Donnie.Mayeda@gmail.com,worker
622,Dale,Ahab,Dale.Ahab@yopmail.com,Dale.Ahab@gmail.com,worker
623,Claudina,Hull,Claudina.Hull@yopmail.com,Claudina.Hull@gmail.com,worker
624,Chastity,Colleen,Chastity.Colleen@yopmail.com,Chastity.Colleen@gmail.com,firefighter
625,Ellette,Ralfston,Ellette.Ralfston@yopmail.com,Ellette.Ralfston@gmail.com,police officer
626,Doralynne,Posner,Doralynne.Posner@yopmail.com,Doralynne.Posner@gmail.com,developer
627,Hettie,Ries,Hettie.Ries@yopmail.com,Hettie.Ries@gmail.com,worker
628,Taffy,Lail,Taffy.Lail@yopmail.com,Taffy.Lail@gmail.com,police officer
629,Annora,Yate,Annora.Yate@yopmail.com,Annora.Yate@gmail.com,police officer
630,Camile,Chapland,Camile.Chapland@yopmail.com,Camile.Chapland@gmail.com,doctor
631,Myriam,Ciapas,Myriam.Ciapas@yopmail.com,Myriam.Ciapas@gmail.com,developer
632,Daphne,Hubert,Daphne.Hubert@yopmail.com,Daphne.Hubert@gmail.com,doctor
633,Sidoney,Hoenack,Sidoney.Hoenack@yopmail.com,Sidoney.Hoenack@gmail.com,doctor
634,Beverley,Barney,Beverley.Barney@yopmail.com,Beverley.Barney@gmail.com,doctor
635,Bobinette,Bigner,Bobinette.Bigner@yopmail.com,Bobinette.Bigner@gmail.com,doctor
636,Jenda,Breed,Jenda.Breed@yopmail.com,Jenda.Breed@gmail.com,firefighter
637,Anestassia,Christal,Anestassia.Christal@yopmail.com,Anestassia.Christal@gmail.com,doctor
638,Mellicent,Devlen,Mellicent.Devlen@yopmail.com,Mellicent.Devlen@gmail.com,firefighter
639,Mara,Bashemeth,Mara.Bashemeth@yopmail.com,Mara.Bashemeth@gmail.com,doctor
640,Louella,Kimmie,Louella.Kimmie@yopmail.com,Louella.Kimmie@gmail.com,police officer
641,Ofilia,Teryn,Ofilia.Teryn@yopmail.com,Ofilia.Teryn@gmail.com,worker
642,Alameda,Schroth,Alameda.Schroth@yopmail.com,Alameda.Schroth@gmail.com,police officer
643,Elbertina,Ralfston,Elbertina.Ralfston@yopmail.com,Elbertina.Ralfston@gmail.com,firefighter
644,Hannis,Waite,Hannis.Waite@yopmail.com,Hannis.Waite@gmail.com,worker
645,Lyssa,Bronk,Lyssa.Bronk@yopmail.com,Lyssa.Bronk@gmail.com,doctor
646,Kate,Francene,Kate.Francene@yopmail.com,Kate.Francene@gmail.com,firefighter
647,Lorenza,Nedrud,Lorenza.Nedrud@yopmail.com,Lorenza.Nedrud@gmail.com,police officer
648,Pearline,Kolnick,Pearline.Kolnick@yopmail.com,Pearline.Kolnick@gmail.com,developer
649,Regina,Wilkinson,Regina.Wilkinson@yopmail.com,Regina.Wilkinson@gmail.com,worker
650,Marguerite,Brittani,Marguerite.Brittani@yopmail.com,Marguerite.Brittani@gmail.com,police officer
651,Rosanne,Alcott,Rosanne.Alcott@yopmail.com,Rosanne.Alcott@gmail.com,developer
652,Elka,Kenney,Elka.Kenney@yopmail.com,Elka.Kenney@gmail.com,police officer
653,Alyda,Ax,Alyda.Ax@yopmail.com,Alyda.Ax@gmail.com,doctor
654,Modestia,Macey,Modestia.Macey@yopmail.com,Modestia.Macey@gmail.com,police officer
655,Maurene,Ochs,Maurene.Ochs@yopmail.com,Maurene.Ochs@gmail.com,doctor
656,June,Prober,June.Prober@yopmail.com,June.Prober@gmail.com,police officer
657,Kelly,Yusuk,Kelly.Yusuk@yopmail.com,Kelly.Yusuk@gmail.com,police officer
658,Michaelina,Tice,Michaelina.Tice@yopmail.com,Michaelina.Tice@gmail.com,worker
659,Deloria,Vale,Deloria.Vale@yopmail.com,Deloria.Vale@gmail.com,police officer
660,Tamqrah,Wadell,Tamqrah.Wadell@yopmail.com,Tamqrah.Wadell@gmail.com,doctor
661,Iseabal,Bord,Iseabal.Bord@yopmail.com,Iseabal.Bord@gmail.com,police officer
662,Marita,Mott,Marita.Mott@yopmail.com,Marita.Mott@gmail.com,firefighter
663,Catrina,Sawtelle,Catrina.Sawtelle@yopmail.com,Catrina.Sawtelle@gmail.com,doctor
664,Darlleen,Donell,Darlleen.Donell@yopmail.com,Darlleen.Donell@gmail.com,firefighter
665,Dorice,Kunin,Dorice.Kunin@yopmail.com,Dorice.Kunin@gmail.com,developer
666,Gretal,Casimir,Gretal.Casimir@yopmail.com,Gretal.Casimir@gmail.com,firefighter
667,Magdalena,Thunell,Magdalena.Thunell@yopmail.com,Magdalena.Thunell@gmail.com,developer
668,Maridel,Prouty,Maridel.Prouty@yopmail.com,Maridel.Prouty@gmail.com,worker
669,Catharine,Xerxes,Catharine.Xerxes@yopmail.com,Catharine.Xerxes@gmail.com,firefighter
670,Ada,Oneida,Ada.Oneida@yopmail.com,Ada.Oneida@gmail.com,worker
671,Ofilia,Wooster,Ofilia.Wooster@yopmail.com,Ofilia.Wooster@gmail.com,worker
672,Carmencita,Tice,Carmencita.Tice@yopmail.com,Carmencita.Tice@gmail.com,developer
673,Lelah,Gino,Lelah.Gino@yopmail.com,Lelah.Gino@gmail.com,worker
674,Hollie,Seagraves,Hollie.Seagraves@yopmail.com,Hollie.Seagraves@gmail.com,doctor
675,Louella,Ellord,Louella.Ellord@yopmail.com,Louella.Ellord@gmail.com,firefighter
676,Barbara,Marsden,Barbara.Marsden@yopmail.com,Barbara.Marsden@gmail.com,firefighter
677,Ann-Marie,Meter,Ann-Marie.Meter@yopmail.com,Ann-Marie.Meter@gmail.com,worker
678,Collen,Shields,Collen.Shields@yopmail.com,Collen.Shields@gmail.com,firefighter
679,Sadie,Demitria,Sadie.Demitria@yopmail.com,Sadie.Demitria@gmail.com,developer
680,Sean,Faro,Sean.Faro@yopmail.com,Sean.Faro@gmail.com,doctor
681,Adelle,Reneta,Adelle.Reneta@yopmail.com,Adelle.Reneta@gmail.com,developer
682,Cyb,Skurnik,Cyb.Skurnik@yopmail.com,Cyb.Skurnik@gmail.com,developer
683,Aigneis,Glovsky,Aigneis.Glovsky@yopmail.com,Aigneis.Glovsky@gmail.com,doctor
684,Larine,Evvie,Larine.Evvie@yopmail.com,Larine.Evvie@gmail.com,developer
685,Maud,Clarissa,Maud.Clarissa@yopmail.com,Maud.Clarissa@gmail.com,firefighter
686,Damaris,Wallis,Damaris.Wallis@yopmail.com,Damaris.Wallis@gmail.com,firefighter
687,Celisse,Nahum,Celisse.Nahum@yopmail.com,Celisse.Nahum@gmail.com,firefighter
688,Sindee,Ricarda,Sindee.Ricarda@yopmail.com,Sindee.Ricarda@gmail.com,police officer
689,Dagmar,Kazimir,Dagmar.Kazimir@yopmail.com,Dagmar.Kazimir@gmail.com,police officer
690,Maisey,Lubin,Maisey.Lubin@yopmail.com,Maisey.Lubin@gmail.com,doctor
691,Chloris,Harned,Chloris.Harned@yopmail.com,Chloris.Harned@gmail.com,doctor
692,Audrie,Mathilde,Audrie.Mathilde@yopmail.com,Audrie.Mathilde@gmail.com,firefighter
693,Lacie,Modie,Lacie.Modie@yopmail.com,Lacie.Modie@gmail.com,police officer
694,Clo,Seumas,Clo.Seumas@yopmail.com,Clo.Seumas@gmail.com,worker
695,Silvana,Neils,Silvana.Neils@yopmail.com,Silvana.Neils@gmail.com,doctor
696,Elise,Lipson,Elise.Lipson@yopmail.com,Elise.Lipson@gmail.com,doctor
697,Grier,Arquit,Grier.Arquit@yopmail.com,Grier.Arquit@gmail.com,police officer
698,Suzette,Sandye,Suzette.Sandye@yopmail.com,Suzette.Sandye@gmail.com,police officer
699,Brynna,Carri,Brynna.Carri@yopmail.com,Brynna.Carri@gmail.com,worker
700,Fina,Goldina,Fina.Goldina@yopmail.com,Fina.Goldina@gmail.com,police officer
701,Brianna,Burnside,Brianna.Burnside@yopmail.com,Brianna.Burnside@gmail.com,firefighter
702,Ekaterina,Haldas,Ekaterina.Haldas@yopmail.com,Ekaterina.Haldas@gmail.com,doctor
703,Dorene,Cimbura,Dorene.Cimbura@yopmail.com,Dorene.Cimbura@gmail.com,doctor
704,Anica,Karylin,Anica.Karylin@yopmail.com,Anica.Karylin@gmail.com,police officer
705,Bobbi,Ferrell,Bobbi.Ferrell@yopmail.com,Bobbi.Ferrell@gmail.com,developer
706,Lolita,Goldina,Lolita.Goldina@yopmail.com,Lolita.Goldina@gmail.com,police officer
707,Mireielle,Zeeba,Mireielle.Zeeba@yopmail.com,Mireielle.Zeeba@gmail.com,firefighter
708,Annabela,Anselmi,Annabela.Anselmi@yopmail.com,Annabela.Anselmi@gmail.com,doctor
709,Frank,Weaks,Frank.Weaks@yopmail.com,Frank.Weaks@gmail.com,doctor
710,Hettie,Valoniah,Hettie.Valoniah@yopmail.com,Hettie.Valoniah@gmail.com,police officer
711,Susette,Abernon,Susette.Abernon@yopmail.com,Susette.Abernon@gmail.com,doctor
712,Janenna,Adamsen,Janenna.Adamsen@yopmail.com,Janenna.Adamsen@gmail.com,developer
713,Sadie,Bluh,Sadie.Bluh@yopmail.com,Sadie.Bluh@gmail.com,police officer
714,Joceline,Weaks,Joceline.Weaks@yopmail.com,Joceline.Weaks@gmail.com,police officer
715,Lyssa,Arne,Lyssa.Arne@yopmail.com,Lyssa.Arne@gmail.com,worker
716,Marcy,Gualtiero,Marcy.Gualtiero@yopmail.com,Marcy.Gualtiero@gmail.com,worker
717,Joceline,Kussell,Joceline.Kussell@yopmail.com,Joceline.Kussell@gmail.com,developer
718,Emma,Ilka,Emma.Ilka@yopmail.com,Emma.Ilka@gmail.com,developer
719,Averyl,Westphal,Averyl.Westphal@yopmail.com,Averyl.Westphal@gmail.com,firefighter
720,Margette,Carleen,Margette.Carleen@yopmail.com,Margette.Carleen@gmail.com,firefighter
721,Maryellen,Toni,Maryellen.Toni@yopmail.com,Maryellen.Toni@gmail.com,worker
722,Gwenneth,Alisia,Gwenneth.Alisia@yopmail.com,Gwenneth.Alisia@gmail.com,firefighter
723,Kristina,Tufts,Kristina.Tufts@yopmail.com,Kristina.Tufts@gmail.com,police officer
724,Vita,Chrystel,Vita.Chrystel@yopmail.com,Vita.Chrystel@gmail.com,doctor
725,Kathy,Ax,Kathy.Ax@yopmail.com,Kathy.Ax@gmail.com,police officer
726,Marinna,Bartlett,Marinna.Bartlett@yopmail.com,Marinna.Bartlett@gmail.com,doctor
727,Lory,Tarrant,Lory.Tarrant@yopmail.com,Lory.Tarrant@gmail.com,worker
728,Josephine,Corrine,Josephine.Corrine@yopmail.com,Josephine.Corrine@gmail.com,worker
729,Violet,Anastatius,Violet.Anastatius@yopmail.com,Violet.Anastatius@gmail.com,worker
730,Alleen,Yoko,Alleen.Yoko@yopmail.com,Alleen.Yoko@gmail.com,worker
731,Wynne,O'Rourke,Wynne.O'Rourke@yopmail.com,Wynne.O'Rourke@gmail.com,police officer
732,Gaylene,Schalles,Gaylene.Schalles@yopmail.com,Gaylene.Schalles@gmail.com,developer
733,Eolanda,Jerald,Eolanda.Jerald@yopmail.com,Eolanda.Jerald@gmail.com,doctor
734,Fawne,Christine,Fawne.Christine@yopmail.com,Fawne.Christine@gmail.com,developer
735,Lorie,Simmonds,Lorie.Simmonds@yopmail.com,Lorie.Simmonds@gmail.com,doctor
736,Hope,Oscar,Hope.Oscar@yopmail.com,Hope.Oscar@gmail.com,doctor
737,Gaylene,Buttaro,Gaylene.Buttaro@yopmail.com,Gaylene.Buttaro@gmail.com,worker
738,Jacenta,Alabaster,Jacenta.Alabaster@yopmail.com,Jacenta.Alabaster@gmail.com,police officer
739,Sissy,Fillbert,Sissy.Fillbert@yopmail.com,Sissy.Fillbert@gmail.com,worker
740,Melina,Henrie,Melina.Henrie@yopmail.com,Melina.Henrie@gmail.com,developer
741,Camile,Ariella,Camile.Ariella@yopmail.com,Camile.Ariella@gmail.com,worker
742,Shaylyn,Yate,Shaylyn.Yate@yopmail.com,Shaylyn.Yate@gmail.com,firefighter
743,Celisse,Grimbly,Celisse.Grimbly@yopmail.com,Celisse.Grimbly@gmail.com,worker
744,Clo,Leifeste,Clo.Leifeste@yopmail.com,Clo.Leifeste@gmail.com,police officer
745,Katuscha,Hieronymus,Katuscha.Hieronymus@yopmail.com,Katuscha.Hieronymus@gmail.com,worker
746,Alejandra,Cressida,Alejandra.Cressida@yopmail.com,Alejandra.Cressida@gmail.com,worker
747,Lusa,Radu,Lusa.Radu@yopmail.com,Lusa.Radu@gmail.com,worker
748,Madelle,Letsou,Madelle.Letsou@yopmail.com,Madelle.Letsou@gmail.com,developer
749,Dulcinea,Chaing,Dulcinea.Chaing@yopmail.com,Dulcinea.Chaing@gmail.com,worker
750,Lynnea,Haerr,Lynnea.Haerr@yopmail.com,Lynnea.Haerr@gmail.com,firefighter
751,Nelle,Turne,Nelle.Turne@yopmail.com,Nelle.Turne@gmail.com,firefighter
752,Maye,Cecile,Maye.Cecile@yopmail.com,Maye.Cecile@gmail.com,worker
753,Gratia,Gregrory,Gratia.Gregrory@yopmail.com,Gratia.Gregrory@gmail.com,firefighter
754,Margette,Campball,Margette.Campball@yopmail.com,Margette.Campball@gmail.com,developer
755,Nannie,Ferrell,Nannie.Ferrell@yopmail.com,Nannie.Ferrell@gmail.com,police officer
756,Cissiee,Keelia,Cissiee.Keelia@yopmail.com,Cissiee.Keelia@gmail.com,developer
757,Gwenneth,Graig,Gwenneth.Graig@yopmail.com,Gwenneth.Graig@gmail.com,worker
758,Betta,Secrest,Betta.Secrest@yopmail.com,Betta.Secrest@gmail.com,doctor
759,Beth,Denis,Beth.Denis@yopmail.com,Beth.Denis@gmail.com,police officer
760,Candi,Quent,Candi.Quent@yopmail.com,Candi.Quent@gmail.com,developer
761,Chrystel,Cristi,Chrystel.Cristi@yopmail.com,Chrystel.Cristi@gmail.com,worker
762,Charlena,Zenas,Charlena.Zenas@yopmail.com,Charlena.Zenas@gmail.com,police officer
763,Zia,Kermit,Zia.Kermit@yopmail.com,Zia.Kermit@gmail.com,developer
764,Orelia,Gunn,Orelia.Gunn@yopmail.com,Orelia.Gunn@gmail.com,developer
765,Silvana,Demitria,Silvana.Demitria@yopmail.com,Silvana.Demitria@gmail.com,firefighter
766,Miquela,Hartnett,Miquela.Hartnett@yopmail.com,Miquela.Hartnett@gmail.com,firefighter
767,Korrie,Atonsah,Korrie.Atonsah@yopmail.com,Korrie.Atonsah@gmail.com,worker
768,Sean,Mintz,Sean.Mintz@yopmail.com,Sean.Mintz@gmail.com,doctor
769,Tori,Morgun,Tori.Morgun@yopmail.com,Tori.Morgun@gmail.com,doctor
770,Tressa,Ethban,Tressa.Ethban@yopmail.com,Tressa.Ethban@gmail.com,developer
771,Ezmeralda,Eliathas,Ezmeralda.Eliathas@yopmail.com,Ezmeralda.Eliathas@gmail.com,police officer
772,Kara-Lynn,Revkah,Kara-Lynn.Revkah@yopmail.com,Kara-Lynn.Revkah@gmail.com,firefighter
773,Gianina,Prober,Gianina.Prober@yopmail.com,Gianina.Prober@gmail.com,firefighter
774,Marti,Sundin,Marti.Sundin@yopmail.com,Marti.Sundin@gmail.com,worker
775,Hollie,Carmena,Hollie.Carmena@yopmail.com,Hollie.Carmena@gmail.com,worker
776,Cherilyn,Croix,Cherilyn.Croix@yopmail.com,Cherilyn.Croix@gmail.com,worker
777,Marsiella,Sperling,Marsiella.Sperling@yopmail.com,Marsiella.Sperling@gmail.com,worker
778,Anallese,Tiffa,Anallese.Tiffa@yopmail.com,Anallese.Tiffa@gmail.com,firefighter
779,Tatiania,Sophronia,Tatiania.Sophronia@yopmail.com,Tatiania.Sophronia@gmail.com,police officer
780,Janey,Pernick,Janey.Pernick@yopmail.com,Janey.Pernick@gmail.com,doctor
781,Shaine,Gilbertson,Shaine.Gilbertson@yopmail.com,Shaine.Gilbertson@gmail.com,developer
782,Blinni,Constancy,Blinni.Constancy@yopmail.com,Blinni.Constancy@gmail.com,developer
783,Rebeca,Santoro,Rebeca.Santoro@yopmail.com,Rebeca.Santoro@gmail.com,developer
784,Roberta,Ethban,Roberta.Ethban@yopmail.com,Roberta.Ethban@gmail.com,developer
785,Liana,Seagraves,Liana.Seagraves@yopmail.com,Liana.Seagraves@gmail.com,doctor
786,Chickie,Aldric,Chickie.Aldric@yopmail.com,Chickie.Aldric@gmail.com,worker
787,Hermione,Eno,Hermione.Eno@yopmail.com,Hermione.Eno@gmail.com,worker
788,Beverley,Robertson,Beverley.Robertson@yopmail.com,Beverley.Robertson@gmail.com,firefighter
789,Paola,Hebner,Paola.Hebner@yopmail.com,Paola.Hebner@gmail.com,worker
790,Neila,Angelis,Neila.Angelis@yopmail.com,Neila.Angelis@gmail.com,developer
791,Carlie,Ball,Carlie.Ball@yopmail.com,Carlie.Ball@gmail.com,doctor
792,Gwyneth,Sasnett,Gwyneth.Sasnett@yopmail.com,Gwyneth.Sasnett@gmail.com,developer
793,Rosene,Stover,Rosene.Stover@yopmail.com,Rosene.Stover@gmail.com,firefighter
794,Valli,Hebner,Valli.Hebner@yopmail.com,Valli.Hebner@gmail.com,firefighter
795,Inga,Salvidor,Inga.Salvidor@yopmail.com,Inga.Salvidor@gmail.com,doctor
796,Di,Faso,Di.Faso@yopmail.com,Di.Faso@gmail.com,police officer
797,Gavrielle,Noman,Gavrielle.Noman@yopmail.com,Gavrielle.Noman@gmail.com,police officer
798,Daphne,Mauer,Daphne.Mauer@yopmail.com,Daphne.Mauer@gmail.com,doctor
799,Ingrid,Helfand,Ingrid.Helfand@yopmail.com,Ingrid.Helfand@gmail.com,firefighter
800,Laure,Monaco,Laure.Monaco@yopmail.com,Laure.Monaco@gmail.com,developer
801,Mariele,Maxi,Mariele.Maxi@yopmail.com,Mariele.Maxi@gmail.com,firefighter
802,Elsie,Garlinda,Elsie.Garlinda@yopmail.com,Elsie.Garlinda@gmail.com,worker
803,Ginnie,Konyn,Ginnie.Konyn@yopmail.com,Ginnie.Konyn@gmail.com,police officer
804,Annecorinne,Letsou,Annecorinne.Letsou@yopmail.com,Annecorinne.Letsou@gmail.com,police officer
805,Silvana,Quinn,Silvana.Quinn@yopmail.com,Silvana.Quinn@gmail.com,worker
806,Max,Cleo,Max.Cleo@yopmail.com,Max.Cleo@gmail.com,worker
807,Raquela,Saree,Raquela.Saree@yopmail.com,Raquela.Saree@gmail.com,police officer
808,Leia,Adlare,Leia.Adlare@yopmail.com,Leia.Adlare@gmail.com,developer
809,Emmey,Naor,Emmey.Naor@yopmail.com,Emmey.Naor@gmail.com,worker
810,Belva,Nore,Belva.Nore@yopmail.com,Belva.Nore@gmail.com,police officer
811,Lilith,Tarrant,Lilith.Tarrant@yopmail.com,Lilith.Tarrant@gmail.com,worker
812,Michaelina,Ethban,Michaelina.Ethban@yopmail.com,Michaelina.Ethban@gmail.com,developer
813,Julieta,Hanshaw,Julieta.Hanshaw@yopmail.com,Julieta.Hanshaw@gmail.com,police officer
814,Abbie,Solitta,Abbie.Solitta@yopmail.com,Abbie.Solitta@gmail.com,worker
815,Minda,Means,Minda.Means@yopmail.com,Minda.Means@gmail.com,doctor
816,Imojean,Hollingsworth,Imojean.Hollingsworth@yopmail.com,Imojean.Hollingsworth@gmail.com,developer
817,Ardys,Pettiford,Ardys.Pettiford@yopmail.com,Ardys.Pettiford@gmail.com,police officer
818,Arlina,Niles,Arlina.Niles@yopmail.com,Arlina.Niles@gmail.com,firefighter
819,Jean,Pacorro,Jean.Pacorro@yopmail.com,Jean.Pacorro@gmail.com,developer
820,Meghann,Hoban,Meghann.Hoban@yopmail.com,Meghann.Hoban@gmail.com,police officer
821,Ashlee,Sprage,Ashlee.Sprage@yopmail.com,Ashlee.Sprage@gmail.com,doctor
822,Dotty,Sigfrid,Dotty.Sigfrid@yopmail.com,Dotty.Sigfrid@gmail.com,doctor
823,Jsandye,Moina,Jsandye.Moina@yopmail.com,Jsandye.Moina@gmail.com,police officer
824,Deane,Shields,Deane.Shields@yopmail.com,Deane.Shields@gmail.com,doctor
825,Ardys,Ortrude,Ardys.Ortrude@yopmail.com,Ardys.Ortrude@gmail.com,firefighter
826,Marleah,Alice,Marleah.Alice@yopmail.com,Marleah.Alice@gmail.com,police officer
827,Mariele,O'Carroll,Mariele.O'Carroll@yopmail.com,Mariele.O'Carroll@gmail.com,firefighter
828,Tani,Seumas,Tani.Seumas@yopmail.com,Tani.Seumas@gmail.com,developer
829,Elfreda,Dominy,Elfreda.Dominy@yopmail.com,Elfreda.Dominy@gmail.com,firefighter
830,Jean,Podvin,Jean.Podvin@yopmail.com,Jean.Podvin@gmail.com,worker
831,Ethel,Millda,Ethel.Millda@yopmail.com,Ethel.Millda@gmail.com,worker
832,Shandie,Colbert,Shandie.Colbert@yopmail.com,Shandie.Colbert@gmail.com,police officer
833,Nollie,Felecia,Nollie.Felecia@yopmail.com,Nollie.Felecia@gmail.com,doctor
834,Cam,Nunci,Cam.Nunci@yopmail.com,Cam.Nunci@gmail.com,developer
835,Ida,Stover,Ida.Stover@yopmail.com,Ida.Stover@gmail.com,doctor
836,Bibby,Ariella,Bibby.Ariella@yopmail.com,Bibby.Ariella@gmail.com,police officer
837,Dawn,Mike,Dawn.Mike@yopmail.com,Dawn.Mike@gmail.com,worker
838,Leanna,Krystle,Leanna.Krystle@yopmail.com,Leanna.Krystle@gmail.com,doctor
839,Thalia,Toor,Thalia.Toor@yopmail.com,Thalia.Toor@gmail.com,developer
840,Cherilyn,Hilbert,Cherilyn.Hilbert@yopmail.com,Cherilyn.Hilbert@gmail.com,worker
841,Mignon,Zola,Mignon.Zola@yopmail.com,Mignon.Zola@gmail.com,developer
842,Bernardine,Plato,Bernardine.Plato@yopmail.com,Bernardine.Plato@gmail.com,worker
843,Annora,Audly,Annora.Audly@yopmail.com,Annora.Audly@gmail.com,doctor
844,Gianina,Marsden,Gianina.Marsden@yopmail.com,Gianina.Marsden@gmail.com,police officer
845,Ulrike,Tamar,Ulrike.Tamar@yopmail.com,Ulrike.Tamar@gmail.com,developer
846,Sean,Casimir,Sean.Casimir@yopmail.com,Sean.Casimir@gmail.com,worker
847,Jessamyn,Gillan,Jessamyn.Gillan@yopmail.com,Jessamyn.Gillan@gmail.com,police officer
848,Romona,Edmund,Romona.Edmund@yopmail.com,Romona.Edmund@gmail.com,worker
849,Edith,Konyn,Edith.Konyn@yopmail.com,Edith.Konyn@gmail.com,doctor
850,Lauryn,Shelba,Lauryn.Shelba@yopmail.com,Lauryn.Shelba@gmail.com,doctor
851,Norine,Burch,Norine.Burch@yopmail.com,Norine.Burch@gmail.com,firefighter
852,Claudina,Devlen,Claudina.Devlen@yopmail.com,Claudina.Devlen@gmail.com,doctor
853,Margalo,Johanna,Margalo.Johanna@yopmail.com,Margalo.Johanna@gmail.com,police officer
854,Cam,Bouchard,Cam.Bouchard@yopmail.com,Cam.Bouchard@gmail.com,firefighter
855,Kittie,Weaks,Kittie.Weaks@yopmail.com,Kittie.Weaks@gmail.com,police officer
856,Gloria,Gaulin,Gloria.Gaulin@yopmail.com,Gloria.Gaulin@gmail.com,worker
857,Celene,Faria,Celene.Faria@yopmail.com,Celene.Faria@gmail.com,firefighter
858,Meghann,Holtz,Meghann.Holtz@yopmail.com,Meghann.Holtz@gmail.com,developer
859,Raina,Rudolph,Raina.Rudolph@yopmail.com,Raina.Rudolph@gmail.com,firefighter
860,Larine,Isacco,Larine.Isacco@yopmail.com,Larine.Isacco@gmail.com,firefighter
861,Jinny,Shirberg,Jinny.Shirberg@yopmail.com,Jinny.Shirberg@gmail.com,worker
862,Lucy,Carolin,Lucy.Carolin@yopmail.com,Lucy.Carolin@gmail.com,police officer
863,Amalie,Wiener,Amalie.Wiener@yopmail.com,Amalie.Wiener@gmail.com,doctor
864,Chickie,Pearse,Chickie.Pearse@yopmail.com,Chickie.Pearse@gmail.com,firefighter
865,Frank,Auberbach,Frank.Auberbach@yopmail.com,Frank.Auberbach@gmail.com,doctor
866,Theodora,Cavan,Theodora.Cavan@yopmail.com,Theodora.Cavan@gmail.com,doctor
867,Fina,Scammon,Fina.Scammon@yopmail.com,Fina.Scammon@gmail.com,doctor
868,Myriam,Ferino,Myriam.Ferino@yopmail.com,Myriam.Ferino@gmail.com,firefighter
869,Sharai,Gino,Sharai.Gino@yopmail.com,Sharai.Gino@gmail.com,firefighter
870,Josephine,Peti,Josephine.Peti@yopmail.com,Josephine.Peti@gmail.com,developer
871,Rebeca,Georgy,Rebeca.Georgy@yopmail.com,Rebeca.Georgy@gmail.com,firefighter
872,Wilma,Lewes,Wilma.Lewes@yopmail.com,Wilma.Lewes@gmail.com,police officer
873,Beth,Tremayne,Beth.Tremayne@yopmail.com,Beth.Tremayne@gmail.com,worker
874,Binny,Pozzy,Binny.Pozzy@yopmail.com,Binny.Pozzy@gmail.com,firefighter
875,Tina,Monk,Tina.Monk@yopmail.com,Tina.Monk@gmail.com,police officer
876,Marcelline,Berard,Marcelline.Berard@yopmail.com,Marcelline.Berard@gmail.com,developer
877,Teddie,Carri,Teddie.Carri@yopmail.com,Teddie.Carri@gmail.com,worker
878,Ninnetta,Noman,Ninnetta.Noman@yopmail.com,Ninnetta.Noman@gmail.com,police officer
879,Sashenka,Pernick,Sashenka.Pernick@yopmail.com,Sashenka.Pernick@gmail.com,police officer
880,Malina,Oster,Malina.Oster@yopmail.com,Malina.Oster@gmail.com,developer
881,Jaime,Behre,Jaime.Behre@yopmail.com,Jaime.Behre@gmail.com,developer
882,Melanie,Lytton,Melanie.Lytton@yopmail.com,Melanie.Lytton@gmail.com,police officer
883,Orelia,Trinetta,Orelia.Trinetta@yopmail.com,Orelia.Trinetta@gmail.com,police officer
884,Alie,Deegan,Alie.Deegan@yopmail.com,Alie.Deegan@gmail.com,worker
885,Lesly,Chaing,Lesly.Chaing@yopmail.com,Lesly.Chaing@gmail.com,doctor
886,Kirbee,Leffen,Kirbee.Leffen@yopmail.com,Kirbee.Leffen@gmail.com,doctor
887,Annice,Vittoria,Annice.Vittoria@yopmail.com,Annice.Vittoria@gmail.com,worker
888,Nelle,Blisse,Nelle.Blisse@yopmail.com,Nelle.Blisse@gmail.com,doctor
889,Lilith,Cynar,Lilith.Cynar@yopmail.com,Lilith.Cynar@gmail.com,firefighter
890,Margarette,Oneida,Margarette.Oneida@yopmail.com,Margarette.Oneida@gmail.com,developer
891,Emylee,LaRue,Emylee.LaRue@yopmail.com,Emylee.LaRue@gmail.com,doctor
892,Betta,Grosz,Betta.Grosz@yopmail.com,Betta.Grosz@gmail.com,firefighter
893,Corry,Leifeste,Corry.Leifeste@yopmail.com,Corry.Leifeste@gmail.com,worker
894,Anallese,Rosemary,Anallese.Rosemary@yopmail.com,Anallese.Rosemary@gmail.com,developer
895,Eadie,Hachmin,Eadie.Hachmin@yopmail.com,Eadie.Hachmin@gmail.com,police officer
896,Myriam,Olnee,Myriam.Olnee@yopmail.com,Myriam.Olnee@gmail.com,doctor
897,Susette,Sherfield,Susette.Sherfield@yopmail.com,Susette.Sherfield@gmail.com,firefighter
898,Sidoney,Ferrell,Sidoney.Ferrell@yopmail.com,Sidoney.Ferrell@gmail.com,firefighter
899,Carol-Jean,Giff,Carol-Jean.Giff@yopmail.com,Carol-Jean.Giff@gmail.com,firefighter
900,Libbie,McLaughlin,Libbie.McLaughlin@yopmail.com,Libbie.McLaughlin@gmail.com,worker
901,Heddie,Elephus,Heddie.Elephus@yopmail.com,Heddie.Elephus@gmail.com,doctor
902,Juliane,Joseph,Juliane.Joseph@yopmail.com,Juliane.Joseph@gmail.com,worker
903,Leia,Lenny,Leia.Lenny@yopmail.com,Leia.Lenny@gmail.com,firefighter
904,Debee,Clarissa,Debee.Clarissa@yopmail.com,Debee.Clarissa@gmail.com,firefighter
905,Michaelina,Garbe,Michaelina.Garbe@yopmail.com,Michaelina.Garbe@gmail.com,police officer
906,Lusa,Azeria,Lusa.Azeria@yopmail.com,Lusa.Azeria@gmail.com,police officer
907,Olwen,Agle,Olwen.Agle@yopmail.com,Olwen.Agle@gmail.com,police officer
908,Correy,Syd,Correy.Syd@yopmail.com,Correy.Syd@gmail.com,police officer
909,Aurore,Constancy,Aurore.Constancy@yopmail.com,Aurore.Constancy@gmail.com,developer
910,Harrietta,Desai,Harrietta.Desai@yopmail.com,Harrietta.Desai@gmail.com,firefighter
911,Chastity,Edison,Chastity.Edison@yopmail.com,Chastity.Edison@gmail.com,police officer
912,Tybie,Niccolo,Tybie.Niccolo@yopmail.com,Tybie.Niccolo@gmail.com,police officer
913,Tilly,Clywd,Tilly.Clywd@yopmail.com,Tilly.Clywd@gmail.com,worker
914,Leontine,Virgin,Leontine.Virgin@yopmail.com,Leontine.Virgin@gmail.com,developer
915,Sadie,Roche,Sadie.Roche@yopmail.com,Sadie.Roche@gmail.com,doctor
916,Kirbee,Hertzfeld,Kirbee.Hertzfeld@yopmail.com,Kirbee.Hertzfeld@gmail.com,doctor
917,Lanna,Joseph,Lanna.Joseph@yopmail.com,Lanna.Joseph@gmail.com,police officer
918,Cherilyn,Bollay,Cherilyn.Bollay@yopmail.com,Cherilyn.Bollay@gmail.com,developer
919,Melanie,Turne,Melanie.Turne@yopmail.com,Melanie.Turne@gmail.com,firefighter
920,Candi,Danby,Candi.Danby@yopmail.com,Candi.Danby@gmail.com,worker
921,Claresta,Hieronymus,Claresta.Hieronymus@yopmail.com,Claresta.Hieronymus@gmail.com,doctor
922,Morganica,Stefa,Morganica.Stefa@yopmail.com,Morganica.Stefa@gmail.com,developer
923,Alameda,Suk,Alameda.Suk@yopmail.com,Alameda.Suk@gmail.com,developer
924,Laure,Wooster,Laure.Wooster@yopmail.com,Laure.Wooster@gmail.com,police officer
925,Vevay,Alva,Vevay.Alva@yopmail.com,Vevay.Alva@gmail.com,firefighter
926,Belinda,Margarete,Belinda.Margarete@yopmail.com,Belinda.Margarete@gmail.com,worker
927,Heddie,Valerio,Heddie.Valerio@yopmail.com,Heddie.Valerio@gmail.com,firefighter
928,Leontine,Lenny,Leontine.Lenny@yopmail.com,Leontine.Lenny@gmail.com,developer
929,Jinny,Stelle,Jinny.Stelle@yopmail.com,Jinny.Stelle@gmail.com,doctor
930,Farrah,Jotham,Farrah.Jotham@yopmail.com,Farrah.Jotham@gmail.com,police officer
931,Debee,Kristi,Debee.Kristi@yopmail.com,Debee.Kristi@gmail.com,firefighter
932,Jacenta,Mathilde,Jacenta.Mathilde@yopmail.com,Jacenta.Mathilde@gmail.com,worker
933,Gui,Aurelio,Gui.Aurelio@yopmail.com,Gui.Aurelio@gmail.com,worker
934,Kelly,Hieronymus,Kelly.Hieronymus@yopmail.com,Kelly.Hieronymus@gmail.com,developer
935,Celestyna,Danby,Celestyna.Danby@yopmail.com,Celestyna.Danby@gmail.com,firefighter
936,Lyssa,Marcellus,Lyssa.Marcellus@yopmail.com,Lyssa.Marcellus@gmail.com,firefighter
937,Tierney,Pauly,Tierney.Pauly@yopmail.com,Tierney.Pauly@gmail.com,police officer
938,Tani,Irmine,Tani.Irmine@yopmail.com,Tani.Irmine@gmail.com,doctor
939,Jemie,Angelis,Jemie.Angelis@yopmail.com,Jemie.Angelis@gmail.com,firefighter
940,Jenilee,Francene,Jenilee.Francene@yopmail.com,Jenilee.Francene@gmail.com,doctor
941,Norine,Alfons,Norine.Alfons@yopmail.com,Norine.Alfons@gmail.com,firefighter
942,Viviene,Gilmour,Viviene.Gilmour@yopmail.com,Viviene.Gilmour@gmail.com,worker
943,Benita,Zamora,Benita.Zamora@yopmail.com,Benita.Zamora@gmail.com,doctor
944,Leia,Hathaway,Leia.Hathaway@yopmail.com,Leia.Hathaway@gmail.com,police officer
945,Britte,Schenck,Britte.Schenck@yopmail.com,Britte.Schenck@gmail.com,police officer
946,Henriette,Kolnick,Henriette.Kolnick@yopmail.com,Henriette.Kolnick@gmail.com,doctor
947,Cherilyn,Thilda,Cherilyn.Thilda@yopmail.com,Cherilyn.Thilda@gmail.com,firefighter
948,Maryellen,Craggie,Maryellen.Craggie@yopmail.com,Maryellen.Craggie@gmail.com,worker
949,Kristina,Ledah,Kristina.Ledah@yopmail.com,Kristina.Ledah@gmail.com,police officer
950,Gratia,Delacourt,Gratia.Delacourt@yopmail.com,Gratia.Delacourt@gmail.com,firefighter
951,Alejandra,Alcott,Alejandra.Alcott@yopmail.com,Alejandra.Alcott@gmail.com,developer
952,Kaia,Crudden,Kaia.Crudden@yopmail.com,Kaia.Crudden@gmail.com,doctor
953,Orelia,Schlosser,Orelia.Schlosser@yopmail.com,Orelia.Schlosser@gmail.com,developer
954,Margalo,Winthorpe,Margalo.Winthorpe@yopmail.com,Margalo.Winthorpe@gmail.com,doctor
955,Frank,Corilla,Frank.Corilla@yopmail.com,Frank.Corilla@gmail.com,police officer
956,Aubrie,Zenas,Aubrie.Zenas@yopmail.com,Aubrie.Zenas@gmail.com,doctor
957,Ginnie,Klemperer,Ginnie.Klemperer@yopmail.com,Ginnie.Klemperer@gmail.com,developer
958,Halette,Zola,Halette.Zola@yopmail.com,Halette.Zola@gmail.com,developer
959,Asia,Juan,Asia.Juan@yopmail.com,Asia.Juan@gmail.com,police officer
960,Chere,Torray,Chere.Torray@yopmail.com,Chere.Torray@gmail.com,police officer
961,Roz,Mayeda,Roz.Mayeda@yopmail.com,Roz.Mayeda@gmail.com,worker
962,Courtnay,Argus,Courtnay.Argus@yopmail.com,Courtnay.Argus@gmail.com,worker
963,Ethel,Kristi,Ethel.Kristi@yopmail.com,Ethel.Kristi@gmail.com,doctor
964,Sara-Ann,Ade,Sara-Ann.Ade@yopmail.com,Sara-Ann.Ade@gmail.com,firefighter
965,Isa,Artie,Isa.Artie@yopmail.com,Isa.Artie@gmail.com,firefighter
966,Malina,Caitlin,Malina.Caitlin@yopmail.com,Malina.Caitlin@gmail.com,doctor
967,Lyssa,Johanna,Lyssa.Johanna@yopmail.com,Lyssa.Johanna@gmail.com,doctor
968,Daryl,Amethist,Daryl.Amethist@yopmail.com,Daryl.Amethist@gmail.com,developer
969,Britni,Maples,Britni.Maples@yopmail.com,Britni.Maples@gmail.com,doctor
970,Giustina,Eckblad,Giustina.Eckblad@yopmail.com,Giustina.Eckblad@gmail.com,firefighter
971,Chere,Remmer,Chere.Remmer@yopmail.com,Chere.Remmer@gmail.com,firefighter
972,Alejandra,Hull,Alejandra.Hull@yopmail.com,Alejandra.Hull@gmail.com,firefighter
973,Bill,Grobe,Bill.Grobe@yopmail.com,Bill.Grobe@gmail.com,worker
974,Laure,Loleta,Laure.Loleta@yopmail.com,Laure.Loleta@gmail.com,developer
975,Yetty,Holbrook,Yetty.Holbrook@yopmail.com,Yetty.Holbrook@gmail.com,developer
976,Doralynne,Kiyoshi,Doralynne.Kiyoshi@yopmail.com,Doralynne.Kiyoshi@gmail.com,police officer
977,Lusa,Gert,Lusa.Gert@yopmail.com,Lusa.Gert@gmail.com,worker
978,Talya,Rugen,Talya.Rugen@yopmail.com,Talya.Rugen@gmail.com,worker
979,Corly,Miru,Corly.Miru@yopmail.com,Corly.Miru@gmail.com,worker
980,Myriam,Mehalek,Myriam.Mehalek@yopmail.com,Myriam.Mehalek@gmail.com,worker
981,Joceline,Yerkovich,Joceline.Yerkovich@yopmail.com,Joceline.Yerkovich@gmail.com,worker
982,Micheline,Persse,Micheline.Persse@yopmail.com,Micheline.Persse@gmail.com,firefighter
983,Barbara,Demitria,Barbara.Demitria@yopmail.com,Barbara.Demitria@gmail.com,firefighter
984,Lucy,Rad,Lucy.Rad@yopmail.com,Lucy.Rad@gmail.com,police officer
985,Ursulina,Vale,Ursulina.Vale@yopmail.com,Ursulina.Vale@gmail.com,firefighter
986,Jeanna,Tippets,Jeanna.Tippets@yopmail.com,Jeanna.Tippets@gmail.com,worker
987,Tracey,Jeanne,Tracey.Jeanne@yopmail.com,Tracey.Jeanne@gmail.com,worker
988,Alexine,Hollingsworth,Alexine.Hollingsworth@yopmail.com,Alexine.Hollingsworth@gmail.com,police officer
989,Pollyanna,Cornelia,Pollyanna.Cornelia@yopmail.com,Pollyanna.Cornelia@gmail.com,firefighter
990,Allis,Bluh,Allis.Bluh@yopmail.com,Allis.Bluh@gmail.com,firefighter
991,Carol-Jean,Lanita,Carol-Jean.Lanita@yopmail.com,Carol-Jean.Lanita@gmail.com,developer
992,Jacenta,Hurley,Jacenta.Hurley@yopmail.com,Jacenta.Hurley@gmail.com,firefighter
993,Marcy,Hashim,Marcy.Hashim@yopmail.com,Marcy.Hashim@gmail.com,doctor
994,Basia,Nelsen,Basia.Nelsen@yopmail.com,Basia.Nelsen@gmail.com,police officer
995,Karlee,Boycey,Karlee.Boycey@yopmail.com,Karlee.Boycey@gmail.com,developer
996,Sidoney,Brady,Sidoney.Brady@yopmail.com,Sidoney.Brady@gmail.com,police officer
997,Lita,Orpah,Lita.Orpah@yopmail.com,Lita.Orpah@gmail.com,firefighter
998,Goldie,Linehan,Goldie.Linehan@yopmail.com,Goldie.Linehan@gmail.com,doctor
999,Sissy,Estella,Sissy.Estella@yopmail.com,Sissy.Estella@gmail.com,police officer
1000,Nannie,Halla,Nannie.Halla@yopmail.com,Nannie.Halla@gmail.com,police officer
1001,Viviene,Carolin,Viviene.Carolin@yopmail.com,Viviene.Carolin@gmail.com,developer
1002,Kristina,Pelagias,Kristina.Pelagias@yopmail.com,Kristina.Pelagias@gmail.com,doctor
1003,Aigneis,Janene,Aigneis.Janene@yopmail.com,Aigneis.Janene@gmail.com,worker
1004,Rosaline,Zina,Rosaline.Zina@yopmail.com,Rosaline.Zina@gmail.com,developer
1005,Margette,Berl,Margette.Berl@yopmail.com,Margette.Berl@gmail.com,worker
1006,Starla,Thema,Starla.Thema@yopmail.com,Starla.Thema@gmail.com,police officer
1007,Heida,Jethro,Heida.Jethro@yopmail.com,Heida.Jethro@gmail.com,firefighter
1008,Clo,Annice,Clo.Annice@yopmail.com,Clo.Annice@gmail.com,firefighter
1009,Cyb,Cavan,Cyb.Cavan@yopmail.com,Cyb.Cavan@gmail.com,firefighter
1010,Nyssa,Gower,Nyssa.Gower@yopmail.com,Nyssa.Gower@gmail.com,doctor
1011,Gerrie,Rudolph,Gerrie.Rudolph@yopmail.com,Gerrie.Rudolph@gmail.com,police officer
1012,Heida,Naashom,Heida.Naashom@yopmail.com,Heida.Naashom@gmail.com,doctor
1013,Annabela,Seagraves,Annabela.Seagraves@yopmail.com,Annabela.Seagraves@gmail.com,police officer
1014,Cassandra,Ramona,Cassandra.Ramona@yopmail.com,Cassandra.Ramona@gmail.com,firefighter
1015,Stacey,Randene,Stacey.Randene@yopmail.com,Stacey.Randene@gmail.com,firefighter
1016,Dale,Johnsson,Dale.Johnsson@yopmail.com,Dale.Johnsson@gmail.com,worker
1017,Marsiella,Whiffen,Marsiella.Whiffen@yopmail.com,Marsiella.Whiffen@gmail.com,doctor
1018,Vonny,Lenny,Vonny.Lenny@yopmail.com,Vonny.Lenny@gmail.com,police officer
1019,Marline,Miru,Marline.Miru@yopmail.com,Marline.Miru@gmail.com,worker
1020,Clarice,Emmy,Clarice.Emmy@yopmail.com,Clarice.Emmy@gmail.com,firefighter
1021,Sidoney,Jacqui,Sidoney.Jacqui@yopmail.com,Sidoney.Jacqui@gmail.com,firefighter
1022,Nelle,Gaal,Nelle.Gaal@yopmail.com,Nelle.Gaal@gmail.com,doctor
1023,Millie,Moseley,Millie.Moseley@yopmail.com,Millie.Moseley@gmail.com,developer
1024,Bertine,Teryn,Bertine.Teryn@yopmail.com,Bertine.Teryn@gmail.com,police officer
1025,Lorenza,Brodench,Lorenza.Brodench@yopmail.com,Lorenza.Brodench@gmail.com,developer
1026,Lusa,Lumbard,Lusa.Lumbard@yopmail.com,Lusa.Lumbard@gmail.com,doctor
1027,Shaine,Gamaliel,Shaine.Gamaliel@yopmail.com,Shaine.Gamaliel@gmail.com,developer
1028,Orsola,Brackely,Orsola.Brackely@yopmail.com,Orsola.Brackely@gmail.com,doctor
1029,Grier,Auberbach,Grier.Auberbach@yopmail.com,Grier.Auberbach@gmail.com,worker
1030,Quintina,Woodberry,Quintina.Woodberry@yopmail.com,Quintina.Woodberry@gmail.com,worker
1031,Tersina,Gibbeon,Tersina.Gibbeon@yopmail.com,Tersina.Gibbeon@gmail.com,firefighter
1032,Madeleine,Meli,Madeleine.Meli@yopmail.com,Madeleine.Meli@gmail.com,doctor
1033,Jackie,Shields,Jackie.Shields@yopmail.com,Jackie.Shields@gmail.com,developer
1034,Ruthe,Tarrant,Ruthe.Tarrant@yopmail.com,Ruthe.Tarrant@gmail.com,police officer
1035,Tybie,Cressida,Tybie.Cressida@yopmail.com,Tybie.Cressida@gmail.com,developer
1036,Joane,Lacombe,Joane.Lacombe@yopmail.com,Joane.Lacombe@gmail.com,doctor
1037,Regina,Boycey,Regina.Boycey@yopmail.com,Regina.Boycey@gmail.com,firefighter
1038,Olwen,Pulsifer,Olwen.Pulsifer@yopmail.com,Olwen.Pulsifer@gmail.com,developer
1039,Adriana,Corilla,Adriana.Corilla@yopmail.com,Adriana.Corilla@gmail.com,firefighter
1040,Roz,Mozelle,Roz.Mozelle@yopmail.com,Roz.Mozelle@gmail.com,doctor
1041,Helena,Ricarda,Helena.Ricarda@yopmail.com,Helena.Ricarda@gmail.com,police officer
1042,Aeriela,Baptlsta,Aeriela.Baptlsta@yopmail.com,Aeriela.Baptlsta@gmail.com,developer
1043,Pearline,Krystle,Pearline.Krystle@yopmail.com,Pearline.Krystle@gmail.com,police officer
1044,Vita,Primalia,Vita.Primalia@yopmail.com,Vita.Primalia@gmail.com,developer
1045,Rori,Winnick,Rori.Winnick@yopmail.com,Rori.Winnick@gmail.com,developer
1046,Jacenta,Magdalen,Jacenta.Magdalen@yopmail.com,Jacenta.Magdalen@gmail.com,developer
1047,Mellicent,Fulmer,Mellicent.Fulmer@yopmail.com,Mellicent.Fulmer@gmail.com,police officer
1048,Betta,Berard,Betta.Berard@yopmail.com,Betta.Berard@gmail.com,worker
1049,Starla,Martsen,Starla.Martsen@yopmail.com,Starla.Martsen@gmail.com,developer
1050,Kellen,O'Neill,Kellen.O'Neill@yopmail.com,Kellen.O'Neill@gmail.com,developer
1051,Sara-Ann,Campball,Sara-Ann.Campball@yopmail.com,Sara-Ann.Campball@gmail.com,doctor
1052,Linzy,Malina,Linzy.Malina@yopmail.com,Linzy.Malina@gmail.com,police officer
1053,Helsa,Gordon,Helsa.Gordon@yopmail.com,Helsa.Gordon@gmail.com,worker
1054,Britte,Havens,Britte.Havens@yopmail.com,Britte.Havens@gmail.com,developer
1055,Nataline,Selway,Nataline.Selway@yopmail.com,Nataline.Selway@gmail.com,police officer
1056,Aryn,Roumell,Aryn.Roumell@yopmail.com,Aryn.Roumell@gmail.com,firefighter
1057,Verla,Gladstone,Verla.Gladstone@yopmail.com,Verla.Gladstone@gmail.com,police officer
1058,Cacilie,Hathaway,Cacilie.Hathaway@yopmail.com,Cacilie.Hathaway@gmail.com,firefighter
1059,Sabina,Kimmie,Sabina.Kimmie@yopmail.com,Sabina.Kimmie@gmail.com,developer
1060,Lynnea,Natica,Lynnea.Natica@yopmail.com,Lynnea.Natica@gmail.com,developer
1061,Marinna,Weinreb,Marinna.Weinreb@yopmail.com,Marinna.Weinreb@gmail.com,doctor
1062,Ivett,O'Carroll,Ivett.O'Carroll@yopmail.com,Ivett.O'Carroll@gmail.com,worker
1063,Marika,Faria,Marika.Faria@yopmail.com,Marika.Faria@gmail.com,police officer
1064,Moyna,Cleavland,Moyna.Cleavland@yopmail.com,Moyna.Cleavland@gmail.com,police officer
1065,Sean,Teddman,Sean.Teddman@yopmail.com,Sean.Teddman@gmail.com,doctor
1066,Kerrin,Elbertina,Kerrin.Elbertina@yopmail.com,Kerrin.Elbertina@gmail.com,police officer
1067,Perry,Malanie,Perry.Malanie@yopmail.com,Perry.Malanie@gmail.com,doctor
1068,Rhoda,Demitria,Rhoda.Demitria@yopmail.com,Rhoda.Demitria@gmail.com,worker
1069,Gerianna,Ax,Gerianna.Ax@yopmail.com,Gerianna.Ax@gmail.com,developer
1070,Xylina,Kelula,Xylina.Kelula@yopmail.com,Xylina.Kelula@gmail.com,firefighter
1071,Charlena,Darrell,Charlena.Darrell@yopmail.com,Charlena.Darrell@gmail.com,developer
1072,Wanda,Lubin,Wanda.Lubin@yopmail.com,Wanda.Lubin@gmail.com,doctor
1073,Alisha,Si,Alisha.Si@yopmail.com,Alisha.Si@gmail.com,firefighter
1074,Ashlee,Carri,Ashlee.Carri@yopmail.com,Ashlee.Carri@gmail.com,police officer
1075,Michaelina,Annice,Michaelina.Annice@yopmail.com,Michaelina.Annice@gmail.com,worker
1076,Jordan,Stav,Jordan.Stav@yopmail.com,Jordan.Stav@gmail.com,police officer
1077,Glynnis,Danby,Glynnis.Danby@yopmail.com,Glynnis.Danby@gmail.com,developer
1078,Florie,Velick,Florie.Velick@yopmail.com,Florie.Velick@gmail.com,firefighter
1079,Peri,Chinua,Peri.Chinua@yopmail.com,Peri.Chinua@gmail.com,worker
1080,Lanna,Lowry,Lanna.Lowry@yopmail.com,Lanna.Lowry@gmail.com,worker
1081,Vevay,Stanwood,Vevay.Stanwood@yopmail.com,Vevay.Stanwood@gmail.com,worker
1082,Lolita,Halla,Lolita.Halla@yopmail.com,Lolita.Halla@gmail.com,developer
1083,Tiffie,Oscar,Tiffie.Oscar@yopmail.com,Tiffie.Oscar@gmail.com,developer
1084,Queenie,Japeth,Queenie.Japeth@yopmail.com,Queenie.Japeth@gmail.com,worker
1085,Mathilda,Garrison,Mathilda.Garrison@yopmail.com,Mathilda.Garrison@gmail.com,doctor
1086,Lory,Romelda,Lory.Romelda@yopmail.com,Lory.Romelda@gmail.com,worker
1087,Florencia,Virgin,Florencia.Virgin@yopmail.com,Florencia.Virgin@gmail.com,worker
1088,Penelopa,Maisey,Penelopa.Maisey@yopmail.com,Penelopa.Maisey@gmail.com,doctor
1089,Danny,Rebecka,Danny.Rebecka@yopmail.com,Danny.Rebecka@gmail.com,police officer
1090,Keelia,Kiersten,Keelia.Kiersten@yopmail.com,Keelia.Kiersten@gmail.com,firefighter
1091,Annecorinne,Klotz,Annecorinne.Klotz@yopmail.com,Annecorinne.Klotz@gmail.com,worker
1092,Stacey,Yorick,Stacey.Yorick@yopmail.com,Stacey.Yorick@gmail.com,worker
1093,Valera,Monaco,Valera.Monaco@yopmail.com,Valera.Monaco@gmail.com,developer
1094,Andeee,Tremayne,Andeee.Tremayne@yopmail.com,Andeee.Tremayne@gmail.com,firefighter
1095,Dulce,Neva,Dulce.Neva@yopmail.com,Dulce.Neva@gmail.com,police officer
1096,Genevra,Schenck,Genevra.Schenck@yopmail.com,Genevra.Schenck@gmail.com,doctor
1097,Aaren,Alfons,Aaren.Alfons@yopmail.com,Aaren.Alfons@gmail.com,developer
1098,Basia,Kirstin,Basia.Kirstin@yopmail.com,Basia.Kirstin@gmail.com,worker
1099,Brana,Dorine,Brana.Dorine@yopmail.com,Brana.Dorine@gmail.com,developer
